date_min_t;lon_t;lat_t;min_t;hora
2011 01 07 00 45;-74.121;7.201;216.0;00
2011 01 08 01 45;-74.836;5.77;213.6;01
2011 01 10 01 45;-73.979;7.201;221.5;01
2011 01 15 00 15;-74.836;5.627;206.7;00
2011 01 17 00 15;-73.693;7.487;209.9;00
2011 01 17 05 45;-74.264;6.199;217.5;05
2011 01 24 02 45;-73.693;7.344;218.7;02
2011 01 27 01 45;-74.121;6.199;192.7;01
2011 01 27 23 15;-74.693;5.627;224.2;23
2011 01 27 23 15;-73.407;7.344;225.7;23
2011 01 28 01 45;-73.407;7.058;216.1;01
2011 02 03 23 15;-74.836;5.627;195.6;23
2011 02 09 00 45;-73.264;7.344;226.6;00
2011 02 09 03 45;-73.55;7.201;217.5;03
2011 02 09 20 15;-73.836;8.345;211.8;20
2011 02 10 01 15;-74.836;5.055;207.8;01
2011 02 10 21 45;-74.836;5.627;212.6;21
2011 02 11 03 45;-74.121;6.915;218.5;03
2011 02 11 23 45;-73.264;7.487;202.2;23
2011 02 13 02 45;-73.693;6.485;217.0;02
2011 02 13 05 15;-73.693;7.058;204.5;05
2011 02 14 00 15;-73.979;7.487;205.3;00
2011 02 13 22 45;-74.264;6.342;211.2;22
2011 02 14 04 45;-74.55;5.913;195.3;04
2011 02 15 03 15;-73.693;8.059;219.8;03
2011 02 16 02 15;-73.836;7.487;202.5;02
2011 02 18 05 15;-73.55;7.344;215.7;05
2011 02 17 23 45;-73.55;7.773;220.7;23
2011 02 18 02 45;-74.121;7.344;220.4;02
2011 02 18 21 45;-74.407;6.342;226.6;21
2011 02 19 01 45;-73.693;7.487;225.2;01
2011 02 19 02 15;-73.979;6.628;229.8;02
2011 02 19 04 15;-73.55;6.915;224.5;04
2011 02 26 02 45;-74.55;6.628;218.4;02
2011 02 27 03 45;-74.55;5.77;195.3;03
2011 02 27 02 15;-74.407;6.199;202.2;02
2011 03 01 20 15;-73.55;7.487;214.3;20
2011 03 02 21 45;-73.264;7.487;222.2;21
2011 03 06 03 15;-73.836;6.915;219.7;03
2011 03 07 01 15;-74.407;6.199;205.8;01
2011 03 08 03 15;-73.55;7.344;216.2;03
2011 03 08 03 45;-73.979;7.201;228.8;03
2011 03 09 01 15;-73.693;6.915;216.9;01
2011 03 11 22 45;-74.264;6.056;214.8;22
2011 03 21 02 15;-74.836;5.913;201.1;02
2011 03 22 23 45;-74.836;5.341;215.6;23
2011 03 23 20 45;-73.407;7.916;215.2;20
2011 03 26 22 15;-74.264;6.056;193.2;22
2011 03 28 21 45;-74.55;6.056;189.7;21
2011 03 29 23 45;-73.836;6.485;203.7;23
2011 03 31 01 45;-74.264;6.628;194.9;01
2011 04 01 02 45;-74.121;7.344;203.6;02
2011 04 02 02 45;-73.979;7.201;200.6;02
2011 04 03 04 45;-74.693;5.913;199.3;04
2011 04 03 01 45;-73.55;7.916;199.2;01
2011 04 03 00 15;-74.264;6.628;211.0;00
2011 04 03 01 45;-74.121;6.199;208.4;01
2011 04 03 21 15;-74.121;7.058;211.3;21
2011 04 03 22 45;-74.121;6.342;218.5;22
2011 04 04 01 15;-74.836;5.341;212.7;01
2011 04 04 02 45;-73.836;7.344;203.7;02
2011 04 05 04 45;-73.979;7.201;193.0;04
2011 04 05 22 15;-74.836;5.913;189.6;22
2011 04 07 02 15;-74.264;6.485;193.7;02
2011 04 06 23 45;-73.55;7.916;218.7;23
2011 04 07 01 15;-73.979;7.344;204.2;01
2011 04 08 23 45;-73.55;7.773;204.5;23
2011 04 09 02 45;-73.979;7.487;196.4;02
2011 04 09 01 45;-73.836;7.63;200.3;01
2011 04 09 22 45;-74.693;5.627;197.0;22
2011 04 10 04 15;-73.407;7.487;193.1;04
2011 04 10 04 15;-73.407;7.487;193.1;04
2011 04 10 01 45;-74.121;6.342;197.6;01
2011 04 12 01 45;-74.264;6.056;207.5;01
2011 04 12 21 15;-73.979;6.199;200.5;21
2011 04 13 20 15;-74.55;6.342;207.5;20
2011 04 14 02 45;-73.979;6.628;211.3;02
2011 04 15 01 15;-73.979;7.63;215.4;01
2011 04 18 01 45;-74.693;5.77;206.9;01
2011 04 18 20 15;-74.693;5.055;197.7;20
2011 04 19 03 45;-73.693;7.487;202.0;03
2011 04 20 04 15;-73.693;7.344;198.5;04
2011 04 22 01 15;-74.836;5.77;214.5;01
2011 04 23 05 15;-73.836;8.345;214.7;05
2011 04 23 20 15;-73.693;6.915;196.2;20
2011 04 24 02 15;-74.121;7.201;200.3;02
2011 04 24 03 15;-74.121;7.344;203.3;03
2011 04 24 23 15;-74.121;6.342;200.2;23
2011 04 24 21 15;-74.55;6.772;208.9;21
2011 04 24 22 45;-74.693;5.198;214.0;22
2011 04 25 01 15;-73.693;6.772;199.6;01
2011 04 27 03 15;-73.979;7.916;199.0;03
2011 04 27 22 45;-73.836;7.201;186.4;22
2011 05 02 02 45;-73.836;7.058;190.2;02
2011 04 30 22 15;-74.55;6.199;216.8;22
2011 05 02 04 45;-73.55;7.916;191.7;04
2011 05 05 22 15;-73.979;6.485;196.1;22
2011 05 08 02 15;-73.836;6.485;225.2;02
2011 05 09 23 15;-74.407;6.056;189.2;23
2011 05 13 22 15;-74.693;5.627;187.8;22
2011 05 15 22 15;-74.55;5.77;195.3;22
2011 05 16 21 15;-74.121;6.056;192.4;21
2011 05 20 03 45;-74.121;6.628;228.0;03
2011 05 20 03 45;-74.121;6.628;228.0;03
2011 05 22 04 15;-73.836;7.773;197.0;04
2011 05 22 03 45;-73.693;7.916;197.7;03
2011 05 23 03 45;-73.979;6.772;205.6;03
2011 05 23 01 45;-73.55;7.201;212.2;01
2011 05 25 00 45;-73.979;6.772;193.9;00
2011 05 26 05 45;-73.836;8.059;203.8;05
2011 05 26 23 45;-74.264;6.915;192.5;23
2011 05 29 21 45;-73.407;7.773;223.3;21
2011 05 30 00 45;-73.55;7.487;198.2;00
2011 05 31 03 45;-73.836;7.344;189.0;03
2011 05 31 02 45;-73.836;6.772;192.8;02
2011 05 31 23 45;-74.121;7.058;189.0;23
2011 05 31 23 15;-74.121;7.058;191.6;23
2011 06 06 03 15;-74.55;6.628;203.3;03
2011 06 06 02 15;-74.264;6.485;197.9;02
2011 06 06 00 15;-74.121;6.915;203.6;00
2011 06 07 05 15;-73.693;7.058;193.6;05
2011 06 06 22 15;-74.693;5.484;198.5;22
2011 06 10 00 45;-74.55;5.913;212.7;00
2011 06 11 01 15;-74.407;6.772;192.6;01
2011 06 11 23 15;-74.121;6.628;192.7;23
2011 06 13 00 15;-73.693;6.485;204.0;00
2011 06 13 20 15;-74.55;6.628;186.9;20
2011 06 15 05 45;-73.979;7.916;204.8;05
2011 06 18 01 45;-74.836;5.484;214.5;01
2011 06 19 00 45;-73.979;6.199;228.5;00
2011 06 19 04 15;-73.693;7.058;205.3;04
2011 06 20 20 45;-73.836;8.202;207.4;20
2011 06 20 21 45;-74.121;7.058;211.0;21
2011 06 25 02 45;-73.55;7.487;198.3;02
2011 06 30 02 15;-73.836;8.202;193.0;02
2011 06 29 23 15;-73.693;7.344;191.2;23
2011 07 01 00 15;-73.693;7.058;188.4;00
2011 07 02 21 45;-74.407;6.199;197.5;21
2011 07 03 01 15;-73.693;7.344;227.3;01
2011 07 04 05 15;-74.55;6.056;201.2;05
2011 07 04 05 45;-74.55;6.056;201.1;05
2011 07 05 23 15;-74.693;5.77;199.4;23
2011 07 07 02 45;-73.693;8.202;196.1;02
2011 07 07 01 45;-73.55;7.487;216.6;01
2011 07 10 01 15;-73.836;7.058;190.5;01
2011 07 10 22 45;-74.264;6.915;193.0;22
2011 07 12 01 15;-74.121;7.63;192.5;01
2011 07 15 03 45;-73.693;7.773;192.0;03
2011 07 19 01 45;-73.693;6.772;209.0;01
2011 07 19 01 45;-73.693;6.772;209.0;01
2011 07 20 00 45;-74.55;6.628;196.9;00
2011 07 19 23 15;-74.407;6.342;215.9;23
2011 07 19 22 45;-74.407;6.056;221.5;22
2011 07 20 05 15;-73.979;7.773;228.1;05
2011 07 21 03 45;-73.979;6.342;199.9;03
2011 07 23 05 45;-73.55;7.487;228.4;05
2011 07 24 02 15;-74.121;7.201;192.3;02
2011 07 27 05 45;-73.693;7.487;198.8;05
2011 07 29 00 45;-74.121;6.342;192.0;00
2011 07 29 23 45;-74.836;5.341;212.1;23
2011 08 01 02 15;-73.979;7.773;204.1;02
2011 08 04 23 45;-74.121;6.199;198.8;23
2011 08 08 02 45;-74.121;7.344;204.1;02
2011 08 08 03 45;-74.55;6.342;204.2;03
2011 08 08 02 45;-74.121;7.344;204.1;02
2011 08 08 03 45;-74.55;6.342;204.2;03
2011 08 11 00 45;-74.121;7.058;194.0;00
2011 08 10 23 15;-74.121;6.628;208.3;23
2011 08 11 05 15;-73.836;8.202;209.6;05
2011 08 11 22 45;-74.407;6.628;192.5;22
2011 08 12 23 15;-74.264;7.058;207.5;23
2011 08 14 03 15;-74.121;7.344;194.8;03
2011 08 14 21 45;-74.407;6.772;195.3;21
2011 08 15 02 45;-73.693;7.058;194.3;02
2011 08 15 23 15;-73.55;8.059;199.6;23
2011 08 16 22 45;-74.407;6.772;206.0;22
2011 08 18 22 45;-74.693;6.199;190.4;22
2011 08 18 20 15;-74.264;6.915;216.7;20
2011 08 19 01 15;-74.121;7.201;198.9;01
2011 08 20 23 15;-73.693;7.63;204.1;23
2011 08 21 01 15;-73.836;8.059;193.2;01
2011 08 21 23 15;-74.836;5.913;190.9;23
2011 08 21 22 15;-73.55;7.916;212.3;22
2011 08 24 01 45;-74.121;6.485;192.7;01
2011 08 24 23 15;-73.979;6.342;211.3;23
2011 08 27 22 15;-74.264;6.342;194.2;22
2011 08 27 20 15;-73.693;6.485;200.6;20
2011 08 29 20 45;-74.407;6.628;201.5;20
2011 09 03 02 15;-74.264;6.772;198.9;02
2011 09 03 01 45;-74.264;6.915;199.8;01
2011 09 07 21 15;-74.55;6.199;206.3;21
2011 09 13 00 15;-74.407;6.915;216.0;00
2011 09 13 20 15;-74.55;6.628;205.3;20
2011 09 15 23 45;-73.979;6.485;195.5;23
2011 09 16 02 15;-74.264;6.772;194.6;02
2011 09 17 02 45;-73.55;7.344;206.6;02
2011 09 19 01 45;-73.693;6.628;207.0;01
2011 09 20 00 45;-74.121;6.628;191.9;00
2011 09 23 03 15;-73.407;7.058;212.1;03
2011 09 23 22 45;-74.836;5.77;191.7;22
2011 09 26 20 45;-74.407;6.628;212.5;20
2011 09 30 22 45;-74.836;5.627;193.4;22
2011 09 30 20 45;-74.264;6.915;206.7;20
2011 10 03 02 15;-74.407;6.056;193.3;02
2011 10 02 23 45;-74.264;6.628;211.7;23
2011 10 04 02 45;-73.836;8.059;193.8;02
2011 10 10 00 45;-74.836;5.77;191.9;00
2011 10 12 01 15;-73.979;6.772;195.8;01
2011 10 12 20 45;-73.979;7.487;205.2;20
2011 10 14 03 45;-74.836;5.627;220.3;03
2011 10 14 21 15;-74.55;6.199;198.0;21
2011 10 14 21 15;-73.407;7.344;201.0;21
2011 10 15 02 45;-73.979;7.058;198.1;02
2011 10 17 00 45;-74.693;6.056;210.8;00
2011 10 17 00 15;-74.407;6.056;207.0;00
2011 10 17 02 15;-73.836;6.772;207.3;02
2011 10 21 02 45;-74.121;6.628;212.0;02
2011 10 25 00 45;-74.121;7.201;208.6;00
2011 10 25 20 15;-74.407;7.058;220.8;20
2011 10 26 01 15;-73.693;7.773;216.4;01
2011 10 30 01 45;-73.979;7.487;188.4;01
2011 11 03 02 15;-74.693;5.484;191.9;02
2011 11 05 05 45;-73.55;8.059;216.7;05
2011 11 06 02 45;-74.693;5.627;196.4;02
2011 11 06 00 45;-73.979;6.199;214.8;00
2011 11 06 00 15;-73.264;7.344;211.4;00
2011 11 07 05 15;-73.979;6.342;206.3;05
2011 11 07 05 15;-73.55;7.344;223.6;05
2011 11 08 20 45;-74.836;5.484;190.7;20
2011 11 08 20 45;-74.121;6.056;213.2;20
2011 11 08 22 45;-73.979;7.916;212.8;22
2011 11 09 23 45;-73.407;7.201;214.3;23
2011 11 10 23 15;-74.121;7.344;208.0;23
2011 11 12 02 15;-73.693;7.487;197.1;02
2011 11 11 20 15;-73.55;7.201;221.5;20
2011 11 12 00 15;-73.55;7.487;203.3;00
2011 11 13 01 45;-74.55;6.199;194.7;01
2011 11 13 03 45;-74.121;7.058;203.6;03
2011 11 14 20 45;-73.836;7.773;197.9;20
2011 11 16 01 15;-73.836;6.915;202.6;01
2011 11 17 02 15;-73.836;7.773;198.1;02
2011 11 18 04 45;-73.693;7.201;193.4;04
2011 11 19 05 45;-73.693;7.773;199.8;05
2011 11 18 22 15;-74.836;5.913;219.5;22
2011 11 18 23 15;-74.121;6.485;224.3;23
2011 11 19 02 15;-73.264;7.487;209.4;02
2011 11 20 03 45;-73.836;7.63;223.0;03
2011 11 20 23 15;-73.55;7.487;208.2;23
2011 11 21 21 15;-73.407;7.773;222.6;21
2011 11 22 00 15;-74.836;5.627;223.4;00
2011 11 22 02 45;-74.121;6.915;225.4;02
2011 11 22 04 45;-73.836;7.487;223.3;04
2011 11 23 03 15;-73.693;7.058;211.8;03
2011 11 23 22 45;-74.693;5.198;203.1;22
2011 11 26 21 45;-73.979;6.199;203.4;21
2011 11 26 23 15;-74.121;7.201;220.4;23
2011 11 27 20 15;-73.836;8.059;225.8;20
2011 11 27 22 15;-73.979;6.199;204.8;22
2011 11 27 21 45;-73.979;6.342;225.9;21
2011 11 28 04 45;-74.693;5.341;227.3;04
2011 11 28 21 45;-73.979;6.628;196.3;21
2011 12 01 22 45;-73.55;7.487;218.9;22
2011 12 03 01 15;-74.121;6.342;222.8;01
2011 12 03 02 15;-73.979;6.772;222.2;02
2011 12 03 05 15;-74.121;7.344;225.4;05
2011 12 04 02 15;-74.264;6.342;224.5;02
2011 12 04 22 15;-74.836;5.341;208.3;22
2011 12 04 23 45;-73.264;7.344;229.2;23
2011 12 05 02 15;-73.836;6.772;219.6;02
2011 12 05 04 45;-73.693;7.058;209.6;04
2011 12 06 23 15;-73.693;7.63;206.4;23
2011 12 06 23 15;-73.836;6.628;228.3;23
2011 12 08 02 45;-73.693;8.059;219.2;02
2011 12 09 00 15;-74.836;5.627;215.5;00
2011 12 11 02 45;-74.693;5.484;199.3;02
2011 12 11 01 45;-73.836;8.059;206.1;01
2011 12 12 00 45;-74.836;5.77;192.6;00
2011 12 12 23 15;-73.55;7.773;204.9;23
2011 12 12 23 45;-73.55;7.773;204.6;23
2011 12 13 23 45;-74.836;5.484;207.5;23
2011 12 14 04 15;-73.55;7.773;213.8;04
2011 12 15 22 45;-74.836;5.341;204.4;22
2011 12 15 21 45;-73.979;6.915;217.6;21
2011 12 16 21 15;-73.264;7.63;211.2;21
2011 12 18 22 15;-74.836;5.77;211.1;22
2011 12 19 04 15;-73.55;7.63;207.3;04
2011 12 19 23 15;-74.836;5.627;205.8;23
2011 12 24 21 15;-74.836;5.198;203.8;21
2011 12 26 01 15;-74.693;5.77;227.6;01
2011 12 27 00 45;-74.836;5.913;214.8;00
2011 12 28 03 45;-73.979;6.199;217.3;03
2011 12 30 00 45;-74.836;5.77;209.0;00
2011 12 29 22 15;-74.836;5.627;218.7;22
2012 01 02 02 45;-74.836;5.913;226.5;02
2012 01 03 01 15;-74.836;5.77;207.5;01
2012 01 07 01 15;-74.836;5.484;215.1;01
2012 01 13 21 45;-73.836;6.915;215.3;21
2012 01 16 03 45;-74.264;6.056;214.8;03
2012 01 16 22 45;-74.693;5.77;199.6;22
2012 01 17 22 15;-74.836;5.77;204.8;22
2012 01 19 02 45;-74.264;6.628;221.7;02
2012 01 19 05 15;-74.407;5.913;211.2;05
2012 01 19 20 15;-73.979;7.344;223.5;20
2012 01 25 01 45;-73.407;7.344;220.6;01
2012 01 31 00 45;-74.121;6.342;205.4;00
2012 01 30 21 15;-74.407;6.342;229.0;21
2012 02 04 20 45;-73.55;6.772;212.1;20
2012 02 08 03 45;-73.836;6.915;214.1;03
2012 02 10 03 45;-73.55;7.201;209.6;03
2012 02 11 01 45;-73.407;7.344;227.5;01
2012 02 11 03 15;-73.836;7.344;208.8;03
2012 02 22 00 45;-73.979;6.772;230.0;00
2012 02 24 21 45;-74.55;5.627;200.6;21
2012 02 25 21 15;-74.121;6.485;208.8;21
2012 02 29 21 15;-74.55;6.485;220.7;21
2012 03 02 22 45;-74.407;6.342;190.4;22
2012 03 04 20 15;-73.693;7.344;200.1;20
2012 03 08 03 15;-74.836;5.055;208.3;03
2012 03 09 01 15;-74.264;6.915;198.4;01
2012 03 13 00 45;-74.264;6.628;193.4;00
2012 03 14 02 15;-73.979;8.059;223.6;02
2012 03 15 23 15;-74.836;5.913;196.0;23
2012 03 15 21 15;-73.979;6.199;208.3;21
2012 03 16 22 45;-74.693;5.484;193.6;22
2012 03 17 20 15;-74.836;5.627;213.8;20
2012 03 20 23 15;-74.693;5.627;196.1;23
2012 03 20 21 15;-74.693;6.199;213.6;21
2012 03 25 02 15;-74.264;6.056;197.9;02
2012 03 26 03 45;-73.264;7.344;196.9;03
2012 03 26 04 45;-74.693;5.627;217.9;04
2012 03 26 03 45;-74.55;6.628;217.5;03
2012 03 28 00 15;-73.693;7.916;205.2;00
2012 03 29 23 45;-74.836;5.77;201.6;23
2012 03 31 21 45;-73.979;6.485;192.3;21
2012 04 01 20 15;-73.979;6.628;191.8;20
2012 04 02 23 15;-74.693;6.199;188.5;23
2012 04 03 22 15;-74.264;6.056;190.3;22
2012 04 03 21 15;-73.979;6.915;221.9;21
2012 04 05 04 15;-74.407;6.628;213.9;04
2012 04 07 02 45;-74.55;6.342;197.8;02
2012 04 07 05 45;-73.836;8.345;204.9;05
2012 04 08 01 45;-74.121;6.199;213.6;01
2012 04 11 05 45;-73.407;7.344;210.7;05
2012 04 11 03 15;-73.836;6.772;220.0;03
2012 04 11 02 45;-73.836;6.628;221.8;02
2012 04 14 01 45;-73.693;8.059;197.0;01
2012 04 14 00 45;-73.693;8.202;198.5;00
2012 04 18 04 45;-74.693;5.627;215.5;04
2012 04 19 02 45;-73.55;7.63;193.4;02
2012 04 19 00 45;-73.407;7.773;216.7;00
2012 04 20 22 15;-74.693;5.627;190.3;22
2012 04 21 02 45;-73.836;7.63;199.6;02
2012 04 22 20 15;-73.407;7.201;215.3;20
2012 04 23 03 15;-73.55;6.915;223.2;03
2012 04 23 21 45;-74.264;6.772;185.8;21
2012 04 25 20 45;-74.264;6.628;227.8;20
2012 04 26 02 15;-73.836;7.916;192.2;02
2012 04 27 02 45;-73.693;8.059;187.1;02
2012 04 28 03 45;-74.836;5.627;195.1;03
2012 04 30 03 45;-74.836;5.627;196.5;03
2012 05 01 05 45;-73.979;8.202;202.1;05
2012 05 02 03 45;-73.836;8.059;194.5;03
2012 05 03 04 15;-73.979;7.773;202.7;04
2012 05 04 03 45;-73.836;8.202;192.7;03
2012 05 04 04 45;-73.55;7.916;194.6;04
2012 05 04 22 45;-73.407;7.344;187.4;22
2012 05 06 22 45;-74.121;7.63;209.8;22
2012 05 09 03 15;-74.121;6.772;192.8;03
2012 05 10 04 15;-74.407;5.77;209.7;04
2012 05 11 04 15;-73.979;7.63;188.9;04
2012 05 11 01 15;-73.407;7.63;201.5;01
2012 05 10 22 45;-74.55;6.056;203.8;22
2012 05 11 00 45;-73.407;7.63;200.9;00
2012 05 14 23 45;-74.121;7.344;209.2;23
2012 05 19 00 45;-73.836;7.487;191.0;00
2012 05 21 21 45;-74.836;5.627;191.6;21
2012 05 21 20 15;-74.264;6.915;229.8;20
2012 05 22 00 45;-73.836;7.487;220.1;00
2012 05 22 03 15;-73.836;7.916;223.4;03
2012 05 23 23 45;-74.407;6.199;191.1;23
2012 05 25 03 15;-73.836;8.059;197.3;03
2012 05 30 03 45;-74.121;7.344;189.6;03
2012 05 30 02 45;-74.55;6.628;215.8;02
2012 05 30 02 45;-73.693;7.487;193.2;02
2012 06 05 01 15;-73.693;7.344;217.3;01
2012 06 10 22 15;-74.121;7.63;208.4;22
2012 06 13 00 45;-74.264;6.056;216.1;00
2012 06 13 04 15;-73.407;7.344;210.0;04
2012 06 16 02 45;-73.693;8.059;189.6;02
2012 06 20 05 15;-74.121;7.344;214.7;05
2012 06 21 01 15;-73.407;7.773;199.5;01
2012 06 24 04 45;-73.836;7.487;194.0;04
2012 06 23 22 15;-74.407;5.77;228.5;22
2012 06 23 23 45;-74.264;6.199;203.6;23
2012 06 24 01 15;-73.836;8.059;201.7;01
2012 06 25 00 15;-73.979;6.342;201.6;00
2012 06 25 03 15;-73.55;7.058;206.8;03
2012 06 29 22 45;-74.836;5.627;196.2;22
2012 06 30 05 15;-73.55;7.344;205.1;05
2012 07 01 04 15;-73.979;8.059;198.9;04
2012 07 03 04 15;-74.55;6.628;197.5;04
2012 07 04 00 15;-73.979;7.487;191.2;00
2012 07 04 20 45;-74.55;5.913;195.1;20
2012 07 04 23 45;-73.407;7.487;200.3;23
2012 07 05 22 45;-74.55;6.199;190.9;22
2012 07 11 21 15;-74.836;5.627;195.5;21
2012 07 12 01 15;-73.693;7.487;202.0;01
2012 07 13 05 45;-73.979;7.201;206.9;05
2012 07 13 05 45;-73.979;7.201;206.9;05
2012 07 14 22 45;-73.979;7.344;209.3;22
2012 07 19 02 45;-73.407;7.916;197.1;02
2012 07 21 22 45;-73.407;7.916;206.2;22
2012 07 26 02 45;-73.979;6.199;195.8;02
2012 07 30 00 45;-74.693;6.199;190.6;00
2012 08 02 00 15;-74.264;6.342;188.2;00
2012 08 02 00 45;-74.407;6.628;189.9;00
2012 08 01 23 15;-73.55;8.059;228.9;23
2012 08 04 20 45;-74.55;6.199;195.9;20
2012 08 05 20 45;-74.55;6.772;194.4;20
2012 08 05 20 45;-73.836;7.344;209.9;20
2012 08 07 04 45;-73.979;7.344;202.2;04
2012 08 08 00 15;-73.693;7.63;207.8;00
2012 08 13 20 15;-74.264;6.628;188.4;20
2012 08 16 04 15;-74.121;6.199;219.9;04
2012 08 22 03 15;-73.979;7.201;223.6;03
2012 08 22 03 15;-73.979;7.201;223.6;03
2012 09 02 03 45;-74.407;6.915;196.3;03
2012 09 03 01 15;-74.264;6.915;199.2;01
2012 09 06 23 15;-74.121;7.058;197.7;23
2012 09 11 01 15;-73.979;7.63;196.7;01
2012 09 10 21 45;-74.121;7.201;202.5;21
2012 09 11 04 45;-74.693;5.484;217.9;04
2012 09 12 00 15;-74.836;5.484;224.8;00
2012 09 16 05 45;-73.979;6.199;217.8;05
2012 09 19 00 15;-74.407;6.915;200.3;00
2012 09 20 00 15;-74.55;6.056;228.8;00
2012 09 20 03 15;-73.836;7.487;224.7;03
2012 09 21 02 15;-73.55;8.059;192.4;02
2012 09 22 01 15;-73.693;7.487;193.0;01
2012 09 22 21 45;-74.55;5.77;191.5;21
2012 10 19 20 45;-74.121;6.342;203.6;20
2012 10 22 01 45;-73.407;7.058;201.1;01
2012 10 23 20 15;-74.121;6.199;190.2;20
2012 10 26 23 15;-73.693;7.916;205.5;23
2012 10 30 00 45;-74.693;5.627;190.0;00
2012 10 29 23 15;-74.836;5.484;196.1;23
2012 10 31 22 15;-74.693;5.913;206.0;22
2012 11 01 00 15;-74.407;7.058;226.3;00
2012 11 01 01 45;-73.55;7.058;220.2;01
2012 11 02 22 15;-74.836;5.055;193.5;22
2012 11 02 21 45;-74.264;6.772;208.5;21
2012 11 03 00 45;-73.836;7.63;204.6;00
2012 11 03 23 15;-74.407;6.628;213.3;23
2012 11 07 02 45;-73.55;7.773;216.9;02
2012 11 09 00 45;-74.121;6.915;203.6;00
2012 11 08 21 45;-73.836;7.344;210.5;21
2012 11 09 01 15;-74.121;6.772;203.2;01
2012 11 10 23 45;-73.407;7.201;197.2;23
2012 11 11 01 15;-73.55;7.058;199.8;01
2012 11 12 00 45;-73.979;6.342;205.4;00
2012 11 13 21 45;-73.979;7.487;222.4;21
2012 11 14 03 45;-73.979;7.058;225.4;03
2012 11 15 01 15;-73.55;7.201;192.7;01
2012 11 15 03 15;-73.693;6.628;197.6;03
2012 11 16 01 45;-73.55;7.344;202.0;01
2012 11 18 00 15;-74.407;5.913;196.1;00
2012 11 19 02 15;-74.264;6.915;223.3;02
2012 11 19 03 45;-74.836;5.055;220.9;03
2012 11 21 02 15;-74.836;5.627;207.5;02
2012 11 21 04 45;-74.264;6.199;202.3;04
2012 11 21 20 15;-74.121;6.772;194.4;20
2012 11 22 01 15;-74.693;6.199;212.6;01
2012 11 22 02 15;-73.407;7.773;205.9;02
2012 11 23 03 15;-73.407;7.344;199.6;03
2012 11 24 04 45;-73.979;7.058;216.4;04
2012 11 27 01 45;-73.693;7.344;206.8;01
2012 11 28 00 45;-73.836;7.63;225.0;00
2012 11 28 05 15;-74.55;6.342;208.5;05
2012 11 28 21 45;-74.121;6.628;209.0;21
2012 11 29 00 15;-73.407;7.344;226.1;00
2012 11 30 01 15;-74.264;6.056;225.2;01
2012 11 30 04 15;-73.836;6.485;224.4;04
2012 11 30 04 15;-73.836;6.485;224.4;04
2012 12 01 00 15;-73.836;7.201;206.1;00
2012 12 02 23 15;-73.693;7.058;230.0;23
2012 12 03 00 15;-74.121;7.344;224.1;00
2012 12 03 01 45;-73.407;7.201;224.9;01
2012 12 08 05 15;-73.264;7.344;218.3;05
2012 12 09 22 45;-74.836;5.913;202.7;22
2012 12 11 22 15;-74.121;6.915;203.0;22
2012 12 11 23 45;-74.836;5.484;195.1;23
2012 12 12 03 15;-73.979;6.485;212.6;03
2012 12 13 03 15;-74.407;5.913;201.0;03
2012 12 12 22 45;-74.121;6.342;218.4;22
2012 12 13 23 15;-73.836;7.487;194.6;23
2012 12 14 22 45;-73.979;6.772;219.7;22
2012 12 15 04 15;-73.55;7.058;213.7;04
2012 12 20 23 15;-74.836;5.77;206.1;23
2012 12 21 20 45;-73.979;6.915;199.5;20
2012 12 22 20 45;-73.979;7.344;201.6;20
2012 12 25 22 15;-73.693;7.487;205.4;22
2012 12 28 02 45;-74.407;6.628;216.2;02
2012 12 31 23 15;-74.836;5.627;198.5;23
2012 12 31 21 45;-74.836;5.484;226.9;21
2013 01 25 01 45;-73.264;7.487;218.2;01
2013 01 26 00 45;-73.407;7.344;212.5;00
2013 02 01 02 45;-73.836;6.485;210.0;02
2013 02 03 23 15;-73.693;6.772;210.6;23
2013 02 04 02 45;-74.55;5.913;212.6;02
2013 02 04 21 15;-73.55;7.916;217.6;21
2013 02 05 02 45;-73.979;7.058;211.3;02
2013 02 05 21 15;-73.264;7.344;212.4;21
2013 02 06 03 15;-73.979;6.915;199.8;03
2013 02 06 20 15;-73.693;7.63;204.2;20
2013 02 09 01 15;-73.55;6.915;199.9;01
2013 02 08 21 45;-73.979;6.342;215.3;21
2013 02 09 02 45;-73.836;7.201;210.1;02
2013 02 13 02 15;-74.836;5.055;217.9;02
2013 02 17 21 45;-73.693;7.201;212.0;21
2013 02 17 21 15;-73.836;7.201;210.1;21
2013 02 19 23 45;-74.693;5.627;196.2;23
2013 02 19 21 15;-73.693;6.915;226.0;21
2013 02 21 01 45;-74.407;6.199;213.6;01
2013 02 21 23 15;-74.836;5.913;191.8;23
2013 02 23 21 15;-74.55;5.77;205.3;21
2013 02 24 04 15;-74.693;5.77;200.9;04
2013 02 25 02 45;-73.979;6.772;195.2;02
2013 02 26 03 15;-74.407;6.199;200.7;03
2013 02 26 01 15;-74.55;5.913;224.2;01
2013 02 26 05 45;-74.836;5.055;222.8;05
2013 02 27 02 45;-73.979;6.772;197.9;02
2013 02 27 02 15;-74.264;6.772;198.3;02
2013 02 27 23 15;-73.979;6.485;189.1;23
2013 02 28 23 45;-73.836;7.63;192.1;23
2013 02 28 22 15;-73.55;7.916;208.0;22
2013 02 28 21 45;-73.55;7.916;220.9;21
2013 03 01 04 45;-73.407;7.916;204.1;04
2013 03 02 04 45;-73.979;7.63;226.4;04
2013 03 03 01 45;-73.979;7.344;200.8;01
2013 03 02 22 45;-73.979;7.344;210.9;22
2013 03 03 02 15;-73.836;7.487;201.7;02
2013 03 03 21 45;-74.693;5.913;204.7;21
2013 03 03 21 15;-73.979;7.344;227.1;21
2013 03 04 21 45;-73.693;8.202;210.3;21
2013 03 04 23 45;-74.407;6.772;217.5;23
2013 03 05 03 15;-73.836;7.63;226.5;03
2013 03 05 23 15;-74.836;5.77;191.3;23
2013 03 05 21 45;-74.121;7.201;201.6;21
2013 03 06 01 45;-73.979;7.344;195.2;01
2013 03 09 22 45;-74.693;6.199;192.7;22
2013 03 13 02 45;-73.979;7.773;207.3;02
2013 03 13 21 45;-74.55;6.199;212.3;21
2013 03 16 02 15;-73.407;7.916;222.0;02
2013 03 19 03 45;-73.836;7.344;197.0;03
2013 03 20 02 15;-73.693;7.201;202.7;02
2013 03 20 02 15;-74.264;6.199;218.1;02
2013 03 21 05 45;-73.693;7.344;200.3;05
2013 03 21 02 15;-74.121;7.344;220.6;02
2013 03 21 04 45;-74.407;6.056;229.7;04
2013 03 22 01 15;-73.407;7.63;199.3;01
2013 03 25 02 15;-73.979;6.915;188.7;02
2013 03 24 23 15;-73.693;7.487;199.9;23
2013 03 25 23 15;-73.979;7.058;194.4;23
2013 03 26 23 45;-73.979;7.916;215.3;23
2013 03 27 23 45;-74.836;5.627;191.3;23
2013 03 28 03 45;-73.407;7.344;221.0;03
2013 03 29 03 15;-73.693;7.487;197.3;03
2013 03 30 03 45;-73.979;6.485;222.5;03
2013 03 30 03 45;-73.979;6.485;222.5;03
2013 03 31 00 15;-74.55;6.342;190.8;00
2013 04 02 00 15;-74.55;6.485;183.7;00
2013 04 03 04 45;-73.836;7.487;203.5;04
2013 04 05 00 45;-74.836;5.77;190.3;00
2013 04 06 02 45;-73.55;7.773;198.0;02
2013 04 06 05 45;-74.264;6.199;200.1;05
2013 04 07 03 45;-74.121;6.342;197.8;03
2013 04 07 03 15;-73.55;7.344;196.3;03
2013 04 07 22 15;-74.55;5.77;193.1;22
2013 04 08 04 15;-73.979;7.773;196.2;04
2013 04 08 03 15;-73.693;7.344;199.4;03
2013 04 09 01 45;-73.55;7.344;215.0;01
2013 04 09 23 15;-74.407;6.342;202.4;23
2013 04 10 05 15;-73.55;7.344;191.5;05
2013 04 11 05 15;-74.55;6.056;197.3;05
2013 04 15 20 45;-73.836;8.059;194.9;20
2013 04 17 03 15;-74.264;6.915;188.1;03
2013 04 17 00 45;-73.836;7.201;214.9;00
2013 04 17 02 15;-74.693;5.055;197.4;02
2013 04 20 23 15;-74.55;5.77;193.3;23
2013 04 23 02 45;-73.264;7.63;207.2;02
2013 04 24 05 15;-74.836;5.484;201.5;05
2013 04 25 05 15;-73.55;6.772;212.5;05
2013 04 28 02 45;-73.55;7.63;197.6;02
2013 04 28 02 15;-73.55;7.63;198.3;02
2013 05 02 22 45;-73.979;6.915;190.9;22
2013 05 09 02 15;-73.836;8.202;222.5;02
2013 05 09 02 15;-73.836;8.202;222.5;02
2013 05 11 20 15;-74.836;5.055;216.4;20
2013 05 12 03 15;-73.693;6.628;220.0;03
2013 05 13 04 45;-73.979;6.342;212.7;04
2013 05 14 01 45;-73.836;7.201;197.0;01
2013 05 15 22 45;-73.836;7.63;192.4;22
2013 05 17 01 15;-73.55;7.773;191.5;01
2013 05 19 03 45;-73.55;8.059;201.4;03
2013 05 19 04 45;-73.55;7.344;222.3;04
2013 06 10 22 45;-74.264;6.485;194.3;22
2013 06 12 04 45;-73.836;7.916;201.9;04
2013 06 12 20 45;-74.55;5.77;199.2;20
2013 06 13 00 45;-73.55;7.201;199.2;00
2013 06 14 04 45;-74.264;6.628;195.8;04
2013 06 15 20 45;-73.979;6.199;194.6;20
2013 06 17 02 15;-73.836;7.344;202.8;02
2013 06 17 23 45;-74.693;6.199;195.0;23
2013 06 18 03 45;-74.264;7.058;229.7;03
2013 06 18 21 15;-73.407;7.916;217.4;21
2013 06 23 02 45;-74.55;6.199;194.0;02
2013 06 27 22 45;-74.407;6.772;185.0;22
2013 06 29 22 15;-74.121;6.915;194.6;22
2013 07 03 00 15;-74.693;5.627;226.3;00
2013 07 03 01 45;-74.407;6.915;224.1;01
2013 07 04 01 45;-74.55;5.627;225.7;01
2013 07 04 02 15;-74.407;5.913;224.5;02
2013 07 05 04 45;-73.979;7.201;199.8;04
2013 07 05 03 45;-74.693;5.627;203.8;03
2013 07 05 01 15;-74.693;5.484;226.0;01
2013 07 08 21 45;-74.693;5.627;198.5;21
2013 07 09 02 15;-74.264;6.199;210.1;02
2013 07 09 05 15;-73.979;6.772;205.7;05
2013 07 13 22 15;-73.407;7.773;215.6;22
2013 07 14 04 45;-73.836;7.773;218.3;04
2013 07 14 23 15;-74.407;5.913;223.5;23
2013 07 15 05 45;-74.836;5.627;202.0;05
2013 07 15 23 45;-73.693;7.201;215.1;23
2013 07 18 02 45;-73.979;7.487;198.0;02
2013 07 19 04 45;-74.407;6.628;190.4;04
2013 07 31 21 15;-74.121;7.344;204.2;21
2013 08 01 23 15;-74.264;7.058;194.4;23
2013 08 03 02 45;-73.836;7.344;205.9;02
2013 08 04 03 45;-74.264;6.915;221.3;03
2013 08 07 03 45;-73.693;7.487;195.4;03
2013 08 06 23 15;-74.836;5.484;219.3;23
2013 08 08 21 45;-73.836;7.916;196.5;21
2013 08 10 00 45;-74.121;7.201;197.6;00
2013 08 11 22 15;-74.407;6.056;193.6;22
2013 08 11 20 45;-73.264;7.487;225.2;20
2013 08 13 22 45;-74.693;5.198;202.9;22
2013 08 15 21 45;-74.121;6.342;202.5;21
2013 08 18 23 15;-74.121;6.772;194.7;23
2013 08 18 22 45;-73.979;6.628;194.5;22
2013 08 19 05 15;-73.836;8.059;205.5;05
2013 08 20 00 45;-73.836;6.485;201.4;00
2013 08 20 01 45;-74.693;5.77;227.6;01
2013 08 21 22 15;-74.121;6.342;199.0;22
2013 08 25 20 15;-74.407;6.915;195.3;20
2013 08 29 04 15;-73.836;7.63;218.1;04
2013 09 01 20 15;-73.836;8.202;199.6;20
2013 09 02 21 15;-74.836;5.055;200.5;21
2013 09 02 20 15;-74.55;6.772;215.1;20
2013 09 02 21 45;-73.836;7.773;197.3;21
2013 09 03 01 45;-74.693;5.77;196.5;01
2013 09 04 01 45;-74.407;6.342;213.8;01
2013 09 06 00 45;-74.836;5.627;192.9;00
2013 09 08 03 45;-73.979;6.915;210.7;03
2013 09 09 01 45;-74.407;6.056;199.2;01
2013 09 12 05 45;-73.979;7.487;212.1;05
2013 09 13 04 45;-73.407;7.63;195.6;04
2013 09 17 05 15;-74.121;6.772;208.7;05
2013 09 21 04 15;-74.264;6.485;216.5;04
2013 09 22 23 15;-74.407;6.772;191.5;23
2013 09 23 22 15;-74.55;6.628;189.6;22
2013 09 26 01 15;-74.693;5.913;187.4;01
2013 09 26 01 45;-74.693;6.056;188.3;01
2013 09 27 23 45;-74.836;5.913;186.5;23
2013 09 29 22 15;-74.407;6.485;189.2;22
2013 09 29 21 15;-74.407;6.199;192.5;21
2013 09 29 20 15;-73.407;7.63;208.4;20
2013 10 09 00 45;-73.979;6.485;205.3;00
2013 10 09 21 45;-74.407;5.77;196.6;21
2013 10 10 23 15;-74.836;5.913;188.4;23
2013 10 12 03 15;-73.407;7.773;203.0;03
2013 10 12 23 15;-74.693;5.627;189.4;23
2013 10 14 03 15;-73.693;7.916;192.8;03
2013 10 14 00 15;-74.121;7.201;194.3;00
2013 10 14 00 15;-73.407;7.344;209.5;00
2013 10 14 04 15;-73.55;8.059;197.7;04
2013 10 15 23 45;-74.836;5.627;187.9;23
2013 10 15 23 15;-74.264;6.915;197.0;23
2013 10 15 21 45;-74.264;6.915;209.0;21
2013 10 16 02 45;-73.979;6.628;191.3;02
2013 10 20 01 45;-74.121;7.201;196.6;01
2013 10 20 01 45;-73.693;7.773;220.3;01
2013 10 20 21 45;-74.693;5.341;196.6;21
2013 10 22 03 45;-73.836;8.059;192.0;03
2013 10 23 20 45;-73.264;7.487;214.2;20
2013 10 23 23 45;-74.121;6.199;211.9;23
2013 10 24 21 15;-74.407;6.772;189.5;21
2013 10 24 20 45;-74.407;6.628;191.3;20
2013 10 26 02 45;-74.121;6.628;195.4;02
2013 10 27 05 15;-73.407;7.487;216.3;05
2013 10 28 00 15;-74.836;5.77;206.5;00
2013 10 27 22 45;-74.55;6.485;218.6;22
2013 10 29 01 15;-73.407;7.63;195.5;01
2013 10 30 00 45;-73.693;6.485;207.3;00
2013 10 30 21 45;-73.407;7.344;215.9;21
2013 10 30 23 15;-73.979;6.772;216.7;23
2013 10 31 03 15;-73.693;6.485;221.7;03
2013 11 01 21 15;-74.693;5.77;226.1;21
2013 11 03 01 15;-74.55;5.913;213.2;01
2013 11 04 20 45;-74.836;5.341;199.3;20
2013 11 05 03 15;-73.693;7.773;202.1;03
2013 11 04 22 15;-74.407;6.915;214.9;22
2013 11 05 03 15;-73.693;7.773;202.1;03
2013 11 06 02 15;-74.407;6.915;222.9;02
2013 11 07 00 45;-73.55;6.915;191.9;00
2013 11 09 22 15;-74.407;6.342;226.5;22
2013 11 11 00 45;-74.693;5.484;208.5;00
2013 11 11 00 15;-74.693;5.484;212.0;00
2013 11 13 00 45;-73.693;7.773;198.6;00
2013 11 13 23 45;-74.407;5.913;188.0;23
2013 11 16 21 15;-74.264;7.058;226.4;21
2013 11 18 00 45;-73.693;6.772;192.7;00
2013 11 19 01 45;-73.979;6.199;197.3;01
2013 11 18 21 45;-74.836;5.627;199.2;21
2013 11 20 03 15;-73.836;6.485;205.6;03
2013 11 20 02 15;-73.836;6.485;212.6;02
2013 11 21 04 45;-73.836;7.487;213.6;04
2013 11 21 21 45;-73.693;7.773;205.4;21
2013 11 22 23 15;-73.55;7.773;210.0;23
2013 11 23 05 15;-73.979;7.487;220.8;05
2013 11 23 21 15;-73.55;7.773;199.1;21
2013 11 24 00 15;-74.693;5.913;207.2;00
2013 11 24 00 15;-74.264;7.058;215.7;00
2013 11 24 23 45;-73.836;7.487;194.9;23
2013 11 25 01 45;-73.407;7.344;197.8;01
2013 11 26 21 45;-74.836;5.198;209.3;21
2013 11 27 03 45;-73.407;7.773;208.4;03
2013 11 27 21 45;-74.836;5.627;200.6;21
2013 11 27 20 45;-74.693;6.056;221.1;20
2013 11 28 22 15;-74.836;5.77;228.7;22
2013 11 29 23 15;-74.693;5.627;205.4;23
2013 11 30 22 45;-74.693;5.77;211.4;22
2013 12 01 22 45;-74.836;5.77;201.4;22
2013 12 04 23 45;-74.693;5.77;201.1;23
2013 12 05 23 45;-74.836;5.341;200.0;23
2013 12 06 20 45;-74.407;6.485;213.5;20
2013 12 07 02 45;-73.979;8.202;210.7;02
2013 12 08 01 45;-73.407;7.487;214.7;01
2013 12 10 03 45;-73.836;6.485;223.0;03
2013 12 10 21 45;-74.407;6.628;222.6;21
2013 12 12 00 15;-74.836;5.484;215.6;00
2013 12 12 22 45;-74.407;5.77;193.5;22
2013 12 12 20 45;-74.264;6.628;206.1;20
2013 12 15 01 15;-74.836;5.77;197.3;01
2013 12 15 00 15;-74.407;6.628;206.6;00
2013 12 14 23 45;-74.55;5.627;225.6;23
2013 12 15 03 45;-73.836;6.772;215.3;03
2013 12 15 03 45;-73.836;6.772;215.3;03
2013 12 15 20 45;-74.121;6.915;211.1;20
2013 12 17 01 45;-74.836;5.77;204.1;01
2013 12 18 21 15;-73.407;7.63;213.9;21
2013 12 18 23 15;-74.264;6.485;207.8;23
2013 12 19 01 45;-73.55;6.915;209.5;01
2013 12 30 02 15;-74.55;6.342;210.6;02
2013 12 31 01 45;-74.836;5.198;221.5;01
2013 12 31 23 45;-74.836;5.627;220.2;23
2014 01 02 01 15;-74.836;5.484;214.0;01
2014 01 05 04 15;-74.264;6.199;214.5;04
2014 01 05 22 15;-74.836;5.198;189.0;22
2014 01 06 22 45;-73.693;7.773;204.6;22
2014 01 07 20 15;-74.55;6.056;226.7;20
2014 01 07 23 45;-74.836;5.341;221.7;23
2014 01 09 01 15;-73.979;6.342;224.8;01
2014 01 10 02 45;-74.693;5.198;220.9;02
2014 01 15 03 15;-74.836;5.627;224.0;03
2014 01 16 03 45;-74.836;5.484;218.5;03
2014 01 18 03 15;-74.407;6.628;198.7;03
2014 01 19 23 45;-74.836;5.627;203.4;23
2014 01 30 04 45;-73.693;6.485;215.7;04
2014 02 03 03 15;-73.693;6.915;209.1;03
2014 02 03 02 45;-73.693;7.058;212.5;02
2014 02 04 04 45;-73.836;7.058;203.2;04
2014 02 04 21 45;-73.979;6.772;213.5;21
2014 02 05 02 45;-74.121;6.056;211.7;02
2014 02 10 02 15;-73.55;7.201;197.0;02
2014 02 10 01 15;-73.979;6.915;214.6;01
2014 02 10 23 45;-74.693;5.77;192.9;23
2014 02 12 23 15;-74.693;5.913;193.2;23
2014 02 13 01 15;-73.55;7.058;203.3;01
2014 02 13 02 45;-74.121;6.772;194.0;02
2014 02 13 01 15;-73.55;7.058;203.3;01
2014 02 14 01 15;-74.121;7.058;199.0;01
2014 02 14 03 45;-74.407;6.199;211.1;03
2014 02 15 04 45;-73.836;7.63;207.9;04
2014 02 15 03 15;-73.55;7.487;216.2;03
2014 02 16 03 45;-73.979;6.485;197.8;03
2014 02 16 05 15;-73.55;7.058;211.9;05
2014 02 23 23 45;-74.121;6.056;217.3;23
2014 02 24 00 45;-74.836;5.484;226.3;00
2014 02 27 01 15;-74.836;5.627;201.1;01
2014 02 27 03 45;-73.407;7.201;204.9;03
2014 02 28 01 15;-73.55;7.058;193.3;01
2014 02 27 23 45;-73.407;7.487;195.9;23
2014 03 05 05 15;-74.121;6.056;226.9;05
2014 03 05 05 15;-74.121;6.056;226.9;05
2014 03 06 00 45;-73.693;6.628;224.3;00
2014 03 06 00 15;-73.693;7.773;229.2;00
2014 03 06 02 15;-73.264;7.487;210.5;02
2014 03 06 03 45;-73.979;6.485;216.4;03
2014 03 07 04 15;-73.55;7.916;211.7;04
2014 03 08 03 45;-74.264;6.342;190.0;03
2014 03 08 22 15;-73.693;7.344;196.0;22
2014 03 12 23 45;-74.693;5.341;209.7;23
2014 03 13 05 15;-73.693;6.915;204.9;05
2014 03 13 20 45;-73.836;7.773;200.1;20
2014 03 14 02 15;-73.836;6.772;207.9;02
2014 03 14 05 15;-73.55;7.487;218.0;05
2014 03 15 22 45;-74.264;6.628;210.1;22
2014 03 16 01 45;-73.693;6.485;221.6;01
2014 03 16 01 45;-73.264;7.487;221.6;01
2014 03 16 03 45;-74.407;6.199;212.0;03
2014 03 16 20 45;-74.121;7.058;217.5;20
2014 03 17 02 45;-73.264;7.63;215.6;02
2014 03 18 01 15;-74.836;5.341;193.0;01
2014 03 17 23 15;-74.836;5.77;213.6;23
2014 03 18 04 15;-73.979;6.915;195.3;04
2014 03 20 02 45;-74.264;6.772;207.3;02
2014 03 20 01 45;-74.121;7.344;216.0;01
2014 03 20 23 15;-74.55;5.77;190.6;23
2014 03 21 01 45;-73.55;6.915;205.2;01
2014 03 22 01 15;-73.979;6.628;199.8;01
2014 03 22 23 45;-74.836;5.484;190.4;23
2014 03 22 22 45;-74.836;5.198;196.5;22
2014 03 23 03 15;-73.836;7.344;193.6;03
2014 03 24 04 45;-74.264;6.342;189.8;04
2014 03 24 03 15;-73.693;7.487;192.1;03
2014 03 24 00 45;-74.121;7.63;210.5;00
2014 03 25 02 45;-73.836;8.345;198.5;02
2014 03 25 23 45;-73.55;7.487;194.7;23
2014 03 25 23 15;-73.836;7.63;193.0;23
2014 03 29 00 45;-74.693;5.198;222.4;00
2014 03 31 05 45;-73.693;6.772;229.8;05
2014 04 03 03 45;-74.55;6.056;194.9;03
2014 04 04 23 45;-73.979;8.345;201.7;23
2014 04 06 02 45;-74.693;5.341;198.8;02
2014 04 07 01 45;-74.55;6.628;188.5;01
2014 04 07 00 15;-74.836;5.77;194.8;00
2014 04 11 02 15;-74.693;5.913;215.4;02
2014 04 12 05 45;-74.55;6.342;202.9;05
2014 04 13 01 15;-74.264;6.915;199.5;01
2014 04 14 02 15;-73.836;6.915;196.4;02
2014 04 14 05 45;-74.121;7.058;212.5;05
2014 04 15 05 15;-74.836;5.198;200.6;05
2014 04 16 23 45;-74.407;6.915;211.4;23
2014 04 17 00 45;-73.264;7.63;207.0;00
2014 04 19 02 15;-73.836;7.63;189.8;02
2014 04 21 00 45;-74.407;7.058;203.6;00
2014 04 21 03 15;-73.836;7.773;210.7;03
2014 04 23 23 45;-73.836;7.487;183.5;23
2014 04 25 22 15;-74.264;6.772;188.3;22
2014 04 26 03 15;-73.55;8.202;196.5;03
2014 04 26 20 15;-74.407;5.77;194.0;20
2014 04 27 05 45;-73.836;7.344;217.0;05
2014 04 28 05 45;-74.693;5.627;200.7;05
2014 04 28 01 45;-73.55;7.916;204.5;01
2014 04 28 02 45;-74.121;7.344;221.8;02
2014 04 29 23 45;-73.836;8.059;188.8;23
2014 04 30 20 45;-73.407;7.916;194.7;20
2014 05 02 02 15;-73.693;6.485;202.1;02
2014 05 02 05 45;-73.55;7.344;192.3;05
2014 05 02 20 15;-73.55;7.773;195.3;20
2014 05 03 23 45;-74.836;5.77;193.6;23
2014 05 03 23 45;-73.693;7.344;204.6;23
2014 05 03 23 45;-74.121;7.201;216.7;23
2014 05 04 02 45;-73.979;6.915;197.4;02
2014 05 05 01 15;-73.836;6.915;193.9;01
2014 05 05 00 15;-73.55;7.058;212.9;00
2014 05 05 01 15;-74.693;6.056;218.1;01
2014 05 06 03 15;-74.836;5.77;197.1;03
2014 05 09 01 15;-73.264;7.344;197.4;01
2014 05 11 01 15;-73.55;8.202;211.6;01
2014 05 15 01 45;-73.979;7.773;187.0;01
2014 05 15 21 45;-74.836;5.484;198.3;21
2014 05 18 03 45;-73.836;8.202;194.9;03
2014 05 19 04 45;-74.264;7.058;193.7;04
2014 05 19 22 15;-74.407;5.913;201.7;22
2014 05 20 04 15;-73.836;8.345;200.3;04
2014 05 20 23 45;-74.121;6.056;226.5;23
2014 05 21 03 45;-74.121;6.915;205.6;03
2014 05 21 21 45;-73.836;6.628;203.6;21
2014 05 22 01 45;-74.836;5.77;218.2;01
2014 05 23 20 45;-74.836;5.341;194.5;20
2014 05 24 00 15;-73.693;6.915;205.7;00
2014 05 26 03 45;-74.407;6.199;198.5;03
2014 05 26 01 15;-74.407;5.77;203.1;01
2014 05 26 20 45;-74.407;6.772;222.5;20
2014 05 27 05 45;-73.693;7.344;206.7;05
2014 05 29 02 45;-73.407;7.63;199.2;02
2014 05 29 22 15;-73.979;6.628;199.3;22
2014 05 29 21 45;-73.264;7.344;215.3;21
2014 06 02 20 15;-73.836;7.916;196.2;20
2014 06 04 00 15;-74.836;5.913;195.4;00
2014 06 05 00 15;-73.264;7.487;213.1;00
2014 06 08 23 15;-74.121;7.344;199.7;23
2014 06 10 21 45;-74.407;6.628;196.5;21
2014 06 19 02 15;-73.979;8.059;228.9;02
2014 06 27 22 15;-74.693;5.341;212.9;22
2014 06 28 04 45;-73.55;7.201;226.5;04
2014 06 29 21 15;-74.121;6.056;222.4;21
2014 07 01 22 45;-74.407;6.628;196.6;22
2014 07 03 03 15;-74.264;6.915;199.4;03
2014 07 03 00 15;-73.979;7.344;221.1;00
2014 07 03 03 15;-74.264;6.915;199.4;03
2014 07 06 20 15;-74.121;6.056;201.5;20
2014 07 09 00 45;-73.836;7.773;206.1;00
2014 07 12 20 15;-73.979;7.344;224.0;20
2014 07 16 04 15;-73.693;7.201;193.4;04
2014 07 21 22 45;-74.121;6.199;197.3;22
2014 07 23 02 15;-74.693;5.913;219.7;02
2014 07 23 04 15;-74.407;6.199;225.7;04
2014 07 23 02 15;-74.693;5.913;219.7;02
2014 07 23 04 15;-74.407;6.199;225.7;04
2014 07 24 00 45;-73.836;7.344;208.2;00
2014 07 26 01 45;-74.55;6.772;206.6;01
2014 07 26 05 15;-73.836;6.485;208.2;05
2014 07 29 05 15;-74.121;6.772;226.6;05
2014 07 30 21 15;-73.407;7.63;213.4;21
2014 08 06 01 45;-73.693;7.63;222.8;01
2014 08 09 03 15;-74.121;7.63;199.4;03
2014 08 09 02 15;-73.55;7.773;220.4;02
2014 08 12 01 15;-73.979;7.201;203.7;01
2014 08 14 01 45;-73.979;7.63;194.7;01
2014 08 14 00 15;-73.55;7.773;210.1;00
2014 08 18 21 45;-74.264;6.772;191.6;21
2014 08 20 02 15;-73.979;8.202;204.9;02
2014 08 22 03 15;-73.836;7.916;194.4;03
2014 08 21 23 45;-73.979;7.916;207.1;23
2014 08 22 23 15;-74.121;6.485;191.6;23
2014 09 02 03 15;-74.264;6.342;200.8;03
2014 09 07 04 15;-73.836;7.916;206.4;04
2014 09 12 00 15;-73.836;7.63;198.3;00
2014 09 16 20 15;-74.55;6.772;204.5;20
2014 09 17 22 45;-74.693;5.341;195.0;22
2014 09 18 05 15;-73.693;7.63;194.7;05
2014 09 19 23 45;-74.264;6.628;193.0;23
2014 09 22 05 15;-74.121;7.058;198.8;05
2014 09 22 02 15;-74.693;5.77;200.2;02
2014 09 22 03 15;-73.693;7.058;215.5;03
2014 09 22 22 15;-73.979;7.487;193.8;22
2014 09 24 01 45;-73.407;7.916;205.6;01
2014 09 25 21 15;-74.693;5.341;197.5;21
2014 09 27 21 45;-74.836;5.913;220.8;21
2014 09 28 21 45;-74.264;6.772;192.8;21
2014 10 03 23 45;-73.979;6.342;195.1;23
2014 10 04 01 15;-73.55;7.63;224.0;01
2014 10 05 02 45;-73.836;7.916;199.1;02
2014 10 05 01 15;-74.121;7.344;217.9;01
2014 10 05 20 45;-74.264;6.485;189.3;20
2014 10 06 21 15;-74.55;6.342;192.8;21
2014 10 07 05 45;-73.693;8.202;202.8;05
2014 10 07 23 45;-73.836;7.058;191.4;23
2014 10 08 00 45;-73.979;7.344;195.1;00
2014 10 08 22 45;-74.55;5.913;198.1;22
2014 10 09 00 15;-73.836;7.058;198.6;00
2014 10 11 23 45;-74.407;6.915;190.3;23
2014 10 11 20 15;-73.979;6.342;191.4;20
2014 10 12 22 45;-73.836;6.485;192.9;22
2014 10 13 04 45;-73.407;7.63;203.1;04
2014 10 14 01 15;-73.836;8.202;189.9;01
2014 10 16 00 15;-74.264;6.915;198.1;00
2014 10 16 22 15;-73.836;7.487;218.9;22
2014 10 18 04 45;-73.55;8.059;193.6;04
2014 10 19 00 45;-74.693;5.484;196.3;00
2014 10 24 01 15;-73.693;7.344;225.2;01
2014 10 25 02 15;-73.55;7.773;210.9;02
2014 10 25 22 15;-74.264;6.056;207.3;22
2014 10 29 05 15;-73.836;6.628;210.0;05
2014 10 29 05 45;-73.407;7.344;228.9;05
2014 10 30 05 45;-73.693;7.773;194.5;05
2014 10 30 02 45;-73.693;7.201;201.5;02
2014 10 31 02 15;-73.55;7.773;196.3;02
2014 10 31 23 15;-73.55;7.201;199.8;23
2014 11 01 21 45;-74.121;7.63;195.6;21
2014 11 03 05 15;-74.121;7.344;223.5;05
2014 11 03 21 15;-74.55;6.628;225.7;21
2014 11 04 02 15;-74.836;5.341;195.9;02
2014 11 04 04 45;-73.979;6.342;219.4;04
2014 11 05 20 15;-74.836;5.77;216.9;20
2014 11 07 23 15;-74.264;6.342;189.8;23
2014 11 09 05 15;-74.693;5.055;199.0;05
2014 11 09 23 45;-73.407;7.773;203.9;23
2014 11 09 20 15;-73.264;7.63;213.4;20
2014 11 09 20 45;-74.121;7.201;207.5;20
2014 11 09 22 45;-73.407;7.63;199.3;22
2014 11 10 01 15;-74.407;6.342;216.9;01
2014 11 10 21 15;-74.121;6.772;192.0;21
2014 11 12 01 45;-73.979;7.63;229.7;01
2014 11 12 03 15;-73.979;7.344;229.9;03
2014 11 12 04 45;-73.979;6.628;216.8;04
2014 11 12 04 15;-73.979;6.772;219.7;04
2014 11 13 00 15;-73.979;7.201;198.6;00
2014 11 12 23 45;-74.836;5.913;200.1;23
2014 11 12 22 15;-74.836;5.341;219.8;22
2014 11 12 22 45;-73.979;6.485;213.8;22
2014 11 15 02 45;-73.979;6.915;218.4;02
2014 11 15 23 15;-74.407;6.772;212.1;23
2014 11 16 04 45;-74.55;6.056;213.6;04
2014 11 16 05 15;-73.979;7.487;207.8;05
2014 11 18 02 45;-73.55;7.058;215.0;02
2014 11 18 22 45;-73.836;7.058;190.4;22
2014 11 18 21 45;-73.979;7.058;223.8;21
2014 11 18 23 45;-73.836;7.344;194.7;23
2014 11 21 02 15;-73.55;7.63;224.3;02
2014 11 21 04 45;-74.121;6.342;228.4;04
2014 11 21 22 45;-73.407;7.487;216.3;22
2014 11 22 02 15;-73.836;6.772;221.0;02
2014 11 23 01 15;-73.693;7.344;226.4;01
2014 11 24 03 45;-73.979;7.201;210.2;03
2014 11 26 03 45;-74.55;6.772;219.0;03
2014 11 26 22 15;-74.121;6.628;208.7;22
2014 11 27 01 45;-73.979;7.344;203.9;01
2014 11 27 02 45;-74.55;5.77;215.5;02
2014 11 30 00 45;-74.693;6.199;189.7;00
2014 11 29 22 15;-74.836;5.484;196.1;22
2014 12 01 00 45;-74.55;6.199;197.5;00
2014 11 30 21 45;-74.264;7.058;206.9;21
2014 11 30 23 45;-74.55;6.056;209.6;23
2014 12 02 00 45;-74.55;6.342;192.6;00
2014 12 01 23 15;-74.121;7.344;217.9;23
2014 12 03 02 45;-73.979;7.344;219.2;02
2014 12 04 04 15;-73.836;7.058;225.6;04
2014 12 04 22 45;-74.836;5.484;191.5;22
2014 12 07 23 45;-74.693;5.484;219.2;23
2014 12 10 03 45;-74.407;6.772;220.4;03
2014 12 10 03 45;-74.407;6.772;220.4;03
2014 12 10 23 15;-73.836;6.628;196.7;23
2014 12 13 02 45;-74.264;6.199;201.7;02
2014 12 14 04 15;-74.55;5.627;207.4;04
2014 12 14 02 45;-74.407;5.913;213.0;02
2014 12 14 04 45;-73.55;6.772;212.2;04
2014 12 17 21 45;-73.979;7.344;222.6;21
2014 12 28 22 45;-74.693;5.198;218.5;22
2014 12 30 00 15;-74.836;5.484;209.1;00
2014 12 30 01 15;-74.836;5.484;214.2;01
2014 12 30 21 45;-74.836;5.198;209.7;21
2015 01 11 23 45;-74.264;6.056;198.7;23
2015 01 15 05 15;-74.836;5.055;201.2;05
2015 01 16 04 45;-73.836;7.201;199.1;04
2015 01 16 21 45;-73.264;7.63;218.6;21
2015 01 18 00 45;-73.836;7.201;221.1;00
2015 01 18 05 45;-73.836;7.344;207.7;05
2015 01 20 02 45;-74.121;6.915;211.8;02
2015 01 21 00 15;-74.55;6.342;196.0;00
2015 01 23 00 45;-73.836;7.344;206.9;00
2015 01 25 02 15;-73.55;7.058;208.4;02
2015 01 26 22 15;-74.264;7.058;214.0;22
2015 01 26 23 45;-74.121;6.056;219.1;23
2015 01 27 02 15;-74.121;6.485;208.9;02
2015 01 27 23 45;-73.693;7.487;203.1;23
2015 01 30 21 45;-74.836;5.77;187.4;21
2015 01 31 23 45;-74.121;6.772;205.2;23
2015 01 31 21 45;-74.264;6.628;206.7;21
2015 01 31 23 45;-74.836;5.77;213.4;23
2015 02 01 03 45;-73.55;7.63;214.2;03
2015 02 02 02 15;-73.836;6.915;217.0;02
2015 02 02 23 45;-74.55;6.342;193.7;23
2015 02 04 20 45;-74.121;7.201;225.9;20
2015 02 05 01 45;-73.836;7.058;219.3;01
2015 02 05 02 45;-74.121;7.201;217.3;02
2015 02 06 02 15;-73.55;7.201;201.1;02
2015 02 06 00 45;-73.693;7.63;218.9;00
2015 02 06 04 15;-74.693;5.77;208.8;04
2015 02 06 01 15;-73.836;6.485;228.8;01
2015 02 07 03 15;-73.693;6.485;208.3;03
2015 02 07 21 15;-74.836;5.77;207.8;21
2015 02 08 01 45;-73.979;7.63;213.1;01
2015 02 08 03 45;-73.264;7.63;216.8;03
2015 02 09 02 45;-73.55;7.773;207.0;02
2015 02 09 21 45;-74.693;5.77;216.5;21
2015 02 10 04 15;-73.55;7.201;209.4;04
2015 02 10 05 15;-74.264;6.342;223.5;05
2015 02 10 21 15;-74.121;7.344;216.8;21
2015 02 14 01 15;-74.836;5.484;207.6;01
2015 02 14 23 15;-74.836;5.341;187.8;23
2015 02 18 02 45;-74.121;6.342;223.7;02
2015 02 25 23 45;-74.407;6.056;199.5;23
2015 02 28 04 45;-73.693;7.058;225.8;04
2015 02 28 04 45;-73.693;7.058;225.8;04
2015 03 01 23 45;-74.55;6.199;192.7;23
2015 03 07 22 45;-74.836;5.484;202.6;22
2015 03 10 01 15;-74.693;6.056;205.8;01
2015 03 10 22 45;-74.264;6.628;197.6;22
2015 03 12 21 15;-74.836;5.77;195.1;21
2015 03 15 21 15;-74.55;5.77;209.1;21
2015 03 18 02 15;-74.407;5.77;192.9;02
2015 03 21 03 45;-73.693;6.485;212.2;03
2015 03 21 03 45;-74.55;5.913;208.3;03
2015 03 30 03 15;-73.693;8.345;213.9;03
2015 03 31 03 45;-74.836;5.77;210.5;03
2015 04 01 01 15;-74.693;5.341;192.5;01
2015 04 01 02 15;-73.264;7.487;225.9;02
2015 04 03 20 15;-74.407;6.772;203.8;20
2015 04 04 04 15;-73.836;8.202;202.4;04
2015 04 04 22 45;-74.836;5.627;190.8;22
2015 04 07 22 15;-74.693;6.199;187.8;22
2015 04 10 01 45;-74.55;6.485;200.8;01
2015 04 10 21 45;-74.407;6.772;190.2;21
2015 04 11 00 45;-73.979;6.915;196.1;00
2015 04 12 22 45;-74.264;6.199;190.4;22
2015 04 13 01 15;-74.121;6.915;189.0;01
2015 04 13 22 15;-74.121;7.63;215.2;22
2015 04 14 03 15;-73.55;7.63;196.0;03
2015 04 14 02 15;-73.407;7.916;208.3;02
2015 04 15 05 15;-73.407;7.773;197.3;05
2015 04 18 01 45;-74.836;5.484;210.5;01
2015 04 19 20 15;-74.693;5.484;206.2;20
2015 04 23 23 45;-74.693;6.199;188.2;23
2015 04 25 03 45;-73.979;7.344;187.2;03
2015 04 27 23 45;-74.407;6.056;187.0;23
2015 04 28 03 15;-73.836;7.63;197.0;03
2015 04 30 04 15;-74.264;6.915;186.1;04
2015 04 30 00 45;-73.693;7.344;192.5;00
2015 04 30 00 15;-73.693;7.487;194.6;00
2015 05 01 02 45;-74.407;7.058;194.9;02
2015 04 30 23 45;-74.693;5.913;219.2;23
2015 05 01 01 15;-73.979;7.344;187.9;01
2015 04 30 23 45;-73.55;7.487;204.2;23
2015 05 04 02 45;-74.407;6.199;194.4;02
2015 05 03 23 45;-74.836;5.77;188.9;23
2015 05 03 22 15;-73.407;7.63;205.4;22
2015 05 07 23 15;-74.407;6.772;187.8;23
2015 05 07 22 15;-74.407;6.628;190.1;22
2015 05 13 22 15;-74.264;6.199;193.8;22
2015 05 13 22 45;-74.836;5.627;211.4;22
2015 05 17 22 45;-74.55;6.628;190.6;22
2015 05 28 22 45;-74.121;6.772;194.0;22
2015 06 09 23 15;-74.836;5.913;196.5;23
2015 06 10 01 45;-74.121;6.628;212.6;01
2015 06 10 21 15;-73.55;7.916;221.8;21
2015 06 10 22 15;-74.264;6.915;209.1;22
2015 06 17 02 15;-74.693;5.341;228.7;02
2015 07 05 23 45;-74.55;5.627;198.8;23
2015 07 06 03 45;-74.121;6.915;214.8;03
2015 07 08 22 15;-74.55;6.199;204.1;22
2015 07 10 01 15;-74.407;6.628;191.0;01
2015 07 12 01 15;-73.693;7.344;193.2;01
2015 07 13 04 45;-74.407;7.058;194.9;04
2015 07 14 03 45;-73.55;8.059;210.0;03
2015 07 15 02 15;-73.836;7.201;190.3;02
2015 07 14 21 15;-74.407;6.199;192.1;21
2015 07 16 22 15;-74.264;6.772;196.0;22
2015 07 18 00 45;-74.407;5.77;197.1;00
2015 07 22 23 45;-74.264;6.772;196.3;23
2015 07 22 21 45;-74.264;7.058;207.0;21
2015 07 27 02 15;-73.836;7.63;193.0;02
2015 07 28 04 45;-73.979;7.487;197.0;04
2015 07 29 23 45;-74.407;6.628;190.9;23
2015 07 29 21 15;-73.979;7.344;201.7;21
2015 07 30 22 45;-74.121;6.342;205.3;22
2015 07 31 23 45;-73.979;7.344;192.9;23
2015 08 08 22 45;-73.979;8.059;190.1;22
2015 08 10 21 45;-74.407;6.342;207.4;21
2015 08 12 02 15;-74.407;6.915;219.2;02
2015 08 12 05 15;-73.836;7.058;209.0;05
2015 08 19 20 45;-74.55;6.772;202.1;20
2015 08 22 02 45;-74.407;6.628;196.0;02
2015 08 23 01 15;-74.693;5.484;201.0;01
2015 08 23 05 45;-74.121;7.201;199.3;05
2015 08 27 21 15;-73.979;7.916;195.6;21
2015 08 28 22 45;-74.264;6.485;214.4;22
2015 08 30 23 15;-74.55;6.199;193.8;23
2015 08 31 21 15;-74.55;6.772;215.6;21
2015 09 02 02 45;-73.407;7.344;198.1;02
2015 09 03 04 45;-73.836;7.344;196.3;04
2015 09 08 03 15;-73.693;7.344;193.6;03
2015 09 07 23 45;-73.979;6.342;197.1;23
2015 09 09 20 45;-74.407;5.77;216.7;20
2015 09 09 23 45;-73.979;7.344;215.4;23
2015 09 14 23 45;-73.836;6.485;205.9;23
2015 09 17 02 15;-73.55;7.344;191.1;02
2015 09 18 05 15;-73.836;7.487;205.7;05
2015 09 18 04 15;-73.979;7.63;205.0;04
2015 09 18 23 15;-74.121;7.058;187.8;23
2015 09 20 03 45;-74.407;6.056;195.3;03
2015 09 20 00 45;-74.264;7.058;205.8;00
2015 09 20 23 15;-73.693;6.485;194.8;23
2015 09 22 05 15;-73.693;7.344;204.5;05
2015 09 23 01 45;-73.979;6.915;201.8;01
2015 09 23 23 15;-73.979;6.772;186.3;23
2015 09 26 03 15;-74.121;7.201;219.9;03
2015 09 29 05 45;-73.836;7.201;218.1;05
2015 09 29 22 15;-74.693;5.77;189.1;22
2015 10 03 04 15;-74.55;6.056;199.7;04
2015 10 04 03 45;-73.979;7.773;198.7;03
2015 10 04 00 15;-73.836;7.916;212.0;00
2015 10 05 04 15;-73.979;7.773;223.7;04
2015 10 08 04 15;-73.836;7.058;200.3;04
2015 10 08 02 15;-73.979;7.63;218.2;02
2015 10 09 00 45;-74.693;6.056;192.6;00
2015 10 08 22 15;-74.55;5.627;225.3;22
2015 10 11 05 45;-74.693;5.913;195.1;05
2015 10 18 00 45;-73.264;7.63;207.8;00
2015 10 18 00 15;-73.407;7.63;228.9;00
2015 10 21 02 45;-73.693;7.487;190.8;02
2015 10 23 00 45;-74.693;5.484;199.3;00
2015 10 24 01 15;-73.979;7.201;218.5;01
2015 10 28 22 15;-74.121;7.344;202.0;22
2015 11 01 03 45;-73.979;6.485;200.1;03
2015 11 01 03 15;-73.979;6.628;201.4;03
2015 11 01 01 45;-73.693;6.772;212.0;01
2015 11 01 22 45;-73.55;7.487;200.7;22
2015 11 01 22 15;-73.407;7.63;208.2;22
2015 11 05 04 45;-74.121;7.058;196.0;04
2015 11 05 02 15;-73.55;7.63;207.5;02
2015 11 05 05 45;-73.836;7.058;197.3;05
2015 11 07 00 15;-73.693;6.485;217.8;00
2015 11 07 22 45;-74.264;7.058;194.2;22
2015 11 10 22 15;-73.693;8.202;204.6;22
2015 11 12 23 45;-74.407;6.056;191.2;23
2015 11 13 02 15;-73.693;7.487;223.5;02
2015 11 15 01 45;-74.836;5.913;196.9;01
2015 11 16 04 15;-74.407;7.058;186.4;04
2015 11 15 23 45;-74.693;5.627;197.5;23
2015 11 18 00 45;-73.264;7.344;199.9;00
2015 11 20 23 45;-74.121;6.342;218.8;23
2015 11 21 01 45;-73.979;6.628;215.5;01
2015 11 22 00 45;-74.264;6.915;218.6;00
2015 11 23 03 45;-74.407;6.342;194.4;03
2015 11 23 02 15;-74.264;6.199;215.9;02
2015 11 26 21 15;-73.979;7.058;205.7;21
2015 11 28 03 45;-73.55;7.916;210.5;03
2015 12 01 02 15;-73.836;7.344;196.7;02
2015 12 07 03 15;-74.693;5.627;208.1;03
2015 12 07 05 15;-74.55;6.628;214.2;05
2015 12 08 04 15;-74.836;5.484;207.4;04
2015 12 08 02 15;-74.836;5.77;215.8;02
2015 12 10 00 45;-74.693;6.199;196.1;00
2015 12 09 23 45;-74.121;6.915;229.3;23
2015 12 14 01 45;-74.55;6.056;201.8;01
2015 12 13 23 45;-74.836;5.627;208.9;23
2015 12 17 03 45;-74.55;5.77;206.5;03
2015 12 17 05 45;-74.693;5.198;210.8;05
2015 12 18 04 15;-73.55;7.058;228.1;04
2015 12 19 02 15;-73.979;6.628;206.2;02
2015 12 19 00 45;-73.979;6.485;217.1;00
2016 01 01 00 45;-74.407;6.772;221.4;00
2016 01 04 03 45;-74.407;5.77;204.1;03
2016 01 06 00 45;-73.264;7.63;207.3;00
2016 01 09 04 45;-73.693;6.915;224.8;04
2016 01 22 22 45;-74.693;5.198;213.3;22
2016 02 04 23 15;-74.836;5.341;216.1;23
2016 02 07 20 15;-74.836;5.341;201.4;20
2016 02 10 22 45;-74.836;5.484;192.8;22
2016 02 10 20 45;-73.264;7.63;228.8;20
2016 02 10 21 45;-74.693;5.341;205.7;21
2016 02 13 05 15;-74.693;5.341;229.0;05
2016 02 17 01 15;-73.979;6.628;188.6;01
2016 02 19 02 15;-73.55;7.058;214.7;02
2016 02 20 22 15;-74.836;5.77;210.0;22
2016 02 25 03 45;-74.264;6.056;191.8;03
2016 02 26 05 45;-73.836;6.628;217.3;05
2016 03 01 22 15;-73.55;7.058;201.0;22
2016 03 06 02 15;-73.693;6.485;202.0;02
2016 03 06 00 15;-73.55;6.772;209.4;00
2016 03 07 22 45;-73.55;7.058;214.8;22
2016 03 10 04 15;-73.979;6.199;223.7;04
2016 03 17 02 15;-73.836;6.628;190.0;02
2016 03 19 22 45;-74.836;5.913;186.5;22
2016 03 19 21 15;-73.407;7.773;213.3;21
2016 03 21 05 15;-73.836;7.916;203.5;05
2016 03 21 23 45;-73.693;7.487;203.1;23
2016 03 22 02 45;-73.979;6.485;222.7;02
2016 03 24 05 15;-73.979;6.915;224.6;05
2016 03 29 04 15;-73.979;6.199;197.1;04
2016 03 29 01 15;-73.55;6.772;201.6;01
2016 03 28 23 45;-73.55;6.915;224.9;23
2016 03 31 01 15;-74.836;5.341;200.1;01
2016 03 31 03 45;-73.407;7.773;204.1;03
2016 03 31 23 45;-74.693;5.627;208.7;23
2016 04 01 05 45;-73.836;7.63;201.3;05
2016 04 02 04 15;-74.407;5.77;193.0;04
2016 04 02 01 45;-73.979;7.201;199.1;01
2016 04 06 04 15;-74.55;5.77;206.9;04
2016 04 06 01 15;-74.836;5.198;211.4;01
2016 04 07 22 15;-74.121;6.342;197.3;22
2016 04 09 03 45;-73.836;6.915;192.1;03
2016 04 11 04 45;-73.55;7.773;214.1;04
2016 04 11 21 45;-73.836;6.915;211.8;21
2016 04 12 02 15;-74.121;6.342;194.6;02
2016 04 16 00 45;-74.693;5.913;200.4;00
2016 04 15 23 45;-74.836;5.913;203.9;23
2016 04 17 05 15;-73.979;7.344;193.7;05
2016 04 17 00 45;-74.264;7.058;201.0;00
2016 04 20 05 15;-73.407;7.058;189.3;05
2016 04 19 22 15;-73.693;6.628;216.8;22
2016 04 20 00 15;-74.836;5.627;217.8;00
2016 04 24 02 15;-73.836;7.058;187.7;02
2016 04 26 03 15;-73.55;7.916;207.8;03
2016 04 26 03 45;-73.407;7.916;208.8;03
2016 04 26 23 45;-74.407;6.342;189.6;23
2016 04 27 03 15;-73.836;7.773;203.8;03
2016 04 27 05 45;-73.836;6.915;199.8;05
2016 04 27 23 45;-73.693;7.63;193.1;23
2016 04 28 01 15;-73.693;7.344;190.6;01
2016 04 28 23 15;-74.264;6.056;195.5;23
2016 04 30 05 15;-74.693;5.055;200.5;05
2016 05 06 04 45;-74.407;6.485;197.2;04
2016 05 13 03 15;-74.407;6.628;221.7;03
2016 05 13 03 15;-74.407;6.628;221.7;03
2016 05 15 21 15;-73.836;7.344;210.6;21
2016 05 21 22 45;-74.55;6.485;190.5;22
2016 05 21 21 15;-74.121;6.056;196.5;21
2016 05 22 23 45;-74.836;5.77;203.5;23
2016 05 23 02 45;-73.55;7.63;206.9;02
2016 05 23 23 45;-73.979;6.199;191.1;23
2016 05 24 22 45;-73.836;6.485;201.2;22
2016 05 27 23 45;-74.693;5.341;191.2;23
2016 06 02 04 15;-74.836;5.341;205.6;04
2016 06 02 04 15;-74.836;5.341;205.6;04
2016 06 02 22 45;-74.264;6.485;191.3;22
2016 06 05 22 15;-73.693;6.915;199.5;22
2016 06 08 04 15;-73.836;8.345;228.5;04
2016 06 09 05 45;-73.979;6.485;213.5;05
2016 06 10 21 15;-74.55;6.772;205.1;21
2016 06 12 23 15;-74.693;6.199;192.9;23
2016 06 14 05 15;-74.121;7.344;198.0;05
2016 06 18 00 45;-74.264;6.199;196.3;00
2016 06 22 02 45;-73.836;7.63;217.0;02
2016 06 22 02 45;-73.836;7.63;217.0;02
2016 06 23 03 15;-74.121;6.915;224.2;03
2016 06 25 00 15;-73.693;8.059;195.7;00
2016 06 26 03 45;-74.836;5.913;212.4;03
2016 06 30 01 45;-73.836;7.916;198.5;01
2016 06 30 02 45;-73.836;8.059;197.7;02
2016 07 04 03 45;-74.407;6.772;207.0;03
2016 07 05 00 45;-74.407;6.485;196.8;00
2016 07 04 23 15;-74.264;6.056;210.4;23
2016 07 05 23 15;-74.55;6.485;194.8;23
2016 07 13 02 45;-74.121;7.058;210.8;02
2016 07 14 00 45;-73.693;7.63;193.3;00
2016 07 16 00 15;-73.979;6.628;215.4;00
2016 07 17 23 15;-74.55;6.628;190.9;23
2016 07 17 21 15;-74.264;6.056;199.4;21
2016 07 20 03 15;-73.836;7.773;200.6;03
2016 07 21 05 45;-74.121;7.058;220.3;05
2016 07 24 02 15;-73.836;7.916;208.4;02
2016 07 27 01 45;-73.979;7.63;203.7;01
2016 07 31 02 45;-74.121;6.772;194.9;02
2016 08 01 01 45;-74.407;6.915;193.8;01
2016 08 01 01 45;-74.407;6.915;193.8;01
2016 08 08 01 15;-74.407;6.199;193.6;01
2016 08 09 05 45;-73.979;7.63;212.6;05
2016 08 11 00 15;-74.836;5.627;198.9;00
2016 08 10 23 15;-74.836;5.198;202.1;23
2016 08 11 03 15;-74.121;7.344;204.6;03
2016 08 11 23 15;-74.264;6.485;190.7;23
2016 08 13 22 45;-74.264;6.628;191.1;22
2016 08 15 05 15;-74.121;6.772;205.4;05
2016 08 18 03 15;-74.55;6.772;189.5;03
2016 08 20 23 15;-74.407;6.915;197.4;23
2016 08 25 03 45;-73.693;7.63;195.5;03
2016 08 25 01 45;-73.979;7.201;208.4;01
2016 08 25 05 45;-74.121;6.199;222.9;05
2016 08 27 22 45;-74.407;6.342;194.0;22
2016 08 27 22 15;-74.407;6.199;195.4;22
2016 08 28 01 45;-74.121;7.344;196.1;01
2016 08 29 23 15;-74.693;5.77;192.0;23
2016 08 30 00 45;-74.693;6.056;193.2;00
2016 08 30 00 45;-73.55;7.63;203.6;00
2016 09 01 05 15;-74.55;6.199;195.1;05
2016 09 04 04 45;-73.979;7.344;208.2;04
2016 09 07 01 15;-74.836;5.484;196.9;01
2016 09 07 01 15;-74.55;6.485;207.6;01
2016 09 09 23 15;-74.836;5.627;191.6;23
2016 09 12 01 15;-74.264;6.485;200.2;01
2016 09 13 21 15;-74.407;6.772;195.5;21
2016 09 14 03 15;-73.979;7.916;200.7;03
2016 09 14 22 45;-73.693;7.773;203.5;22
2016 09 16 23 45;-74.836;5.77;196.5;23
2016 09 17 23 45;-74.55;6.199;197.0;23
2016 09 19 02 15;-73.836;7.773;190.7;02
2016 09 19 00 45;-73.407;7.63;201.9;00
2016 09 20 03 15;-73.979;6.915;222.2;03
2016 09 21 23 45;-74.836;5.77;212.7;23
2016 09 22 04 15;-73.55;7.058;203.5;04
2016 09 28 02 15;-74.693;6.056;193.7;02
2016 09 28 21 15;-74.693;5.484;226.1;21
2016 09 29 01 45;-74.55;5.913;205.3;01
2016 09 29 00 45;-74.407;6.915;227.4;00
2016 09 29 23 45;-74.836;5.341;197.1;23
2016 09 30 01 45;-73.55;7.201;203.6;01
2016 09 30 03 15;-74.55;5.913;221.5;03
2016 09 30 20 45;-74.836;5.77;190.8;20
2016 10 01 20 45;-73.979;6.772;200.8;20
2016 10 03 00 45;-74.121;6.056;196.6;00
2016 10 05 05 15;-73.693;7.058;190.7;05
2016 10 06 23 15;-73.407;7.773;218.7;23
2016 10 08 03 45;-73.55;7.63;211.1;03
2016 10 12 03 15;-74.121;6.772;189.1;03
2016 10 12 00 15;-73.836;7.344;193.7;00
2016 10 11 20 45;-74.264;7.058;218.2;20
2016 10 13 23 45;-74.836;5.77;192.1;23
2016 10 14 03 15;-73.693;7.058;215.0;03
2016 10 18 03 45;-74.55;5.913;189.2;03
2016 10 20 00 45;-74.121;7.058;196.1;00
2016 10 19 23 45;-73.979;7.058;198.1;23
2016 10 20 04 45;-74.836;5.627;213.5;04
2016 10 21 02 15;-74.264;6.199;209.9;02
2016 10 21 05 15;-73.979;7.344;202.6;05
2016 10 21 22 45;-74.836;5.341;189.4;22
2016 10 21 23 45;-74.407;6.772;206.1;23
2016 10 21 23 15;-73.55;7.344;215.7;23
2016 10 22 03 45;-73.979;7.773;227.6;03
2016 10 22 05 15;-73.979;7.773;220.0;05
2016 10 23 02 15;-73.693;7.63;191.9;02
2016 10 22 22 45;-74.407;7.058;209.4;22
2016 10 24 01 15;-73.836;7.916;205.0;01
2016 10 24 01 45;-74.407;6.915;213.9;01
2016 10 25 03 15;-73.407;7.487;198.9;03
2016 10 25 02 15;-73.264;7.487;197.5;02
2016 10 25 05 45;-73.407;7.916;218.7;05
2016 10 28 02 15;-73.264;7.344;203.0;02
2016 10 28 00 45;-73.264;7.344;199.7;00
2016 10 28 01 45;-74.693;6.056;223.6;01
2016 10 29 02 15;-74.121;6.772;191.0;02
2016 10 28 20 45;-74.121;6.056;214.1;20
2016 10 31 21 45;-74.121;6.485;188.0;21
2016 11 03 02 45;-73.407;7.058;204.8;02
2016 11 03 23 45;-74.121;6.915;224.7;23
2016 11 05 01 15;-74.121;6.915;214.6;01
2016 11 06 22 45;-74.121;6.485;192.4;22
2016 11 08 22 45;-74.836;5.77;209.6;22
2016 11 09 05 15;-74.121;6.772;228.8;05
2016 11 10 00 45;-74.836;5.341;192.8;00
2016 11 13 01 45;-73.979;7.63;202.6;01
2016 11 14 00 45;-73.55;6.772;192.3;00
2016 11 13 22 45;-74.407;6.342;209.1;22
2016 11 13 23 15;-74.121;6.915;199.0;23
2016 11 14 23 45;-73.979;6.199;199.5;23
2016 11 14 22 15;-73.979;6.772;221.3;22
2016 11 14 22 15;-74.55;6.485;218.5;22
2016 11 17 03 15;-73.55;7.63;215.4;03
2016 11 17 02 45;-74.407;6.915;221.3;02
2016 11 17 20 45;-73.407;7.344;220.7;20
2016 11 17 23 45;-73.979;7.63;210.7;23
2016 11 17 23 45;-74.121;6.342;224.1;23
2016 11 19 01 45;-73.55;7.916;198.3;01
2016 11 19 01 15;-73.55;7.916;198.9;01
2016 11 19 02 45;-73.55;8.059;200.9;02
2016 11 20 20 15;-73.693;6.485;222.6;20
2016 11 23 23 45;-74.264;6.342;216.6;23
2016 11 25 03 15;-73.979;7.773;194.8;03
2016 11 26 04 15;-73.836;7.916;218.2;04
2016 11 27 01 45;-74.55;5.913;192.8;01
2016 11 26 22 45;-74.693;5.913;202.5;22
2016 11 29 04 45;-73.979;6.342;202.6;04
2016 11 29 04 45;-73.979;6.342;202.6;04
2016 11 29 02 45;-73.979;6.199;209.6;02
2016 12 03 00 45;-74.836;5.198;197.9;00
2016 12 03 21 45;-73.836;7.916;211.3;21
2016 12 04 01 15;-73.693;7.63;226.2;01
2016 12 04 01 15;-73.979;7.201;215.9;01
2016 12 05 01 15;-74.264;6.056;199.9;01
2016 12 04 22 15;-73.407;7.344;211.2;22
2016 12 04 23 45;-74.121;6.485;205.8;23
2016 12 04 23 15;-73.979;6.485;210.7;23
2016 12 05 03 15;-73.693;7.058;209.5;03
2016 12 05 05 45;-73.55;7.344;208.2;05
2016 12 07 00 15;-73.407;7.487;218.7;00
2016 12 07 03 45;-73.979;6.199;216.8;03
2016 12 07 03 45;-73.979;7.201;214.6;03
2016 12 08 00 45;-73.979;7.916;205.8;00
2016 12 08 22 45;-73.836;6.628;209.3;22
2016 12 08 21 15;-74.836;5.627;207.9;21
2016 12 08 22 15;-73.979;7.487;208.2;22
2016 12 08 21 45;-73.836;6.628;221.1;21
2016 12 09 04 15;-73.693;7.344;205.3;04
2016 12 14 04 15;-74.121;7.344;220.4;04
2016 12 15 00 15;-73.407;7.487;213.3;00
2016 12 14 23 15;-73.55;7.487;218.6;23
2016 12 17 02 45;-74.55;5.627;216.7;02
2016 12 18 23 45;-74.836;5.627;205.3;23
2016 12 23 20 15;-73.407;7.916;211.0;20
2016 12 24 03 15;-73.407;7.487;215.3;03
2016 12 26 05 15;-74.121;6.772;213.1;05
2016 12 26 20 15;-74.121;6.628;204.2;20
2016 12 26 22 15;-73.407;7.63;219.6;22
2016 12 31 02 15;-74.121;6.628;198.7;02
2017 01 03 23 45;-74.693;5.341;207.7;23
2017 01 04 23 45;-74.693;5.913;225.5;23
2017 01 05 05 15;-74.121;7.058;223.4;05
2017 01 07 03 15;-74.264;6.342;196.7;03
2017 01 07 21 45;-74.693;5.913;197.7;21
2017 01 09 01 45;-73.836;6.628;210.6;01
2017 01 27 20 15;-74.836;5.77;214.6;20
2017 01 28 20 45;-73.979;6.915;220.7;20
2017 01 29 03 15;-74.55;6.772;228.4;03
2017 01 31 20 15;-74.836;5.341;201.6;20
2017 02 02 01 45;-74.55;6.628;220.8;01
2017 02 04 22 15;-74.836;5.484;217.0;22
2017 02 05 23 15;-74.55;6.342;218.2;23
2017 02 09 23 45;-74.121;6.772;214.5;23
2017 02 26 00 15;-73.693;6.772;219.4;00
2017 02 27 03 45;-73.836;6.772;219.8;03
2017 02 28 05 15;-73.979;6.485;215.5;05
2017 03 03 02 15;-74.407;6.628;208.9;02
2017 03 03 22 15;-74.407;5.77;213.3;22
2017 03 04 01 15;-73.407;7.201;228.1;01
2017 03 04 20 15;-74.693;5.198;197.6;20
2017 03 06 22 15;-74.836;5.627;189.6;22
2017 03 11 21 15;-74.836;5.913;190.7;21
2017 03 13 21 45;-74.693;5.055;221.7;21
2017 03 14 23 15;-73.407;7.487;204.6;23
2017 03 15 01 15;-73.836;6.772;197.2;01
2017 03 16 03 15;-73.836;6.485;211.4;03
2017 03 17 03 45;-73.836;6.628;226.8;03
2017 03 19 01 45;-74.836;5.484;219.2;01
2017 03 19 21 45;-73.55;7.344;205.2;21
2017 03 22 02 15;-73.264;7.344;217.4;02
2017 03 22 05 15;-73.693;6.772;208.9;05
2017 03 23 01 15;-73.836;8.202;192.4;01
2017 03 23 01 45;-73.836;8.059;188.5;01
2017 03 24 01 15;-73.407;7.344;200.3;01
2017 03 25 03 15;-73.836;7.201;199.6;03
2017 03 26 02 15;-74.407;6.199;191.6;02
2017 03 29 03 15;-74.836;5.77;207.1;03
2017 03 29 03 15;-74.836;5.77;207.1;03
2017 03 29 02 15;-73.407;7.344;211.0;02
2017 03 29 04 15;-74.264;6.915;217.3;04
2017 03 29 02 15;-73.407;7.344;211.0;02
2017 03 29 04 15;-74.264;6.915;217.3;04
2017 03 30 03 15;-73.55;7.63;203.1;03
2017 03 31 01 15;-74.836;5.484;203.0;01
2017 03 31 03 15;-73.979;6.915;212.8;03
2017 04 02 23 15;-74.55;5.913;191.8;23
2017 04 06 20 45;-74.407;6.915;210.0;20
2017 04 07 03 45;-73.693;7.201;202.8;03
2017 04 11 04 15;-73.264;7.344;209.6;04
2017 04 11 04 45;-73.55;7.487;208.6;04
2017 04 12 04 15;-73.55;6.772;202.1;04
2017 04 13 20 45;-74.121;7.201;225.8;20
2017 04 16 03 15;-73.55;7.773;204.5;03
2017 04 17 04 15;-74.836;5.055;227.9;04
2017 04 19 00 45;-73.55;7.487;187.4;00
2017 04 21 03 45;-73.979;7.487;213.8;03
2017 04 23 23 45;-74.264;6.199;188.3;23
2017 04 26 01 45;-73.407;7.344;196.7;01
2017 04 30 03 45;-74.264;7.058;184.7;03
2017 05 03 04 15;-73.979;7.201;192.7;04
2017 05 03 00 15;-74.121;6.199;199.7;00
2017 05 05 04 45;-73.693;6.915;206.8;04
2017 05 05 21 15;-74.836;5.77;185.1;21
2017 05 05 05 45;-73.693;6.915;209.5;05
2017 05 07 23 45;-74.836;5.198;190.8;23
2017 05 08 04 15;-73.979;7.058;199.1;04
2017 05 08 04 15;-73.979;7.058;199.1;04
2017 05 08 21 45;-73.55;8.202;198.0;21
2017 05 09 02 45;-73.836;7.487;189.3;02
2017 05 11 04 45;-74.264;6.485;193.5;04
2017 05 14 00 45;-73.836;6.628;219.1;00
2017 05 14 03 15;-74.693;5.627;203.1;03
2017 05 15 00 45;-74.693;5.77;194.7;00
2017 05 15 03 15;-73.979;7.916;200.3;03
2017 05 15 23 45;-73.693;7.058;197.7;23
2017 05 17 02 45;-73.693;8.059;199.7;02
2017 05 17 23 15;-74.55;5.627;194.3;23
2017 05 18 02 45;-73.979;6.915;197.0;02
2017 05 19 01 15;-74.836;5.341;209.2;01
2017 05 18 21 45;-74.264;7.058;218.2;21
2017 05 19 04 45;-73.836;7.201;223.7;04
2017 05 20 23 45;-73.693;7.058;192.9;23
2017 05 21 04 45;-73.979;7.487;198.8;04
2017 05 22 03 15;-74.121;7.201;205.9;03
2017 05 22 03 45;-73.55;7.201;206.2;03
2017 05 22 05 15;-73.693;7.201;202.0;05
2017 05 29 00 45;-74.264;7.058;193.9;00
2017 05 29 23 15;-74.836;5.627;192.4;23
2017 05 30 22 45;-74.407;6.628;202.5;22
2017 06 01 23 15;-74.55;6.628;192.9;23
2017 06 01 21 45;-74.55;6.342;198.2;21
2017 06 02 00 15;-73.55;7.63;203.0;00
2017 06 02 04 45;-73.836;7.63;204.9;04
2017 06 04 23 45;-73.836;7.773;204.8;23
2017 06 07 02 45;-74.121;6.485;194.6;02
2017 06 13 01 45;-74.121;7.63;204.3;01
2017 06 14 00 45;-73.55;6.772;208.3;00
2017 06 14 03 45;-74.55;5.913;200.6;03
2017 06 18 04 45;-73.693;7.344;199.0;04
2017 06 21 23 15;-74.55;6.199;214.0;23
2017 06 26 00 45;-74.264;7.058;193.4;00
2017 06 26 20 45;-73.836;8.059;195.1;20
2017 06 28 00 15;-74.55;6.199;220.2;00
2017 06 28 02 45;-74.264;6.628;220.3;02
2017 06 30 04 45;-73.979;8.345;219.3;04
2017 07 03 22 15;-74.264;6.915;197.9;22
2017 07 05 00 15;-74.121;7.201;223.4;00
2017 07 08 20 15;-73.836;8.345;209.6;20
2017 07 16 20 15;-74.693;5.484;196.2;20
2017 07 16 23 45;-73.55;7.773;224.1;23
2017 07 17 23 45;-74.836;5.913;211.8;23
2017 07 20 01 15;-73.836;7.63;196.1;01
2017 07 24 03 15;-74.121;7.058;216.2;03
2017 07 27 04 45;-73.979;7.63;211.4;04
2017 07 27 04 45;-73.979;7.63;211.4;04
2017 08 03 02 45;-74.407;6.628;211.0;02
2017 08 03 23 15;-74.407;6.915;196.3;23
2017 08 04 23 45;-74.121;6.628;202.5;23
2017 08 05 00 45;-73.836;7.773;195.3;00
2017 08 06 23 45;-74.407;5.77;194.4;23
2017 08 08 00 15;-73.979;7.773;197.8;00
2017 08 07 23 45;-73.979;7.773;199.3;23
2017 08 07 23 15;-73.836;7.773;206.0;23
2017 08 08 23 45;-74.407;6.199;190.8;23
2017 08 12 00 15;-73.979;6.772;191.7;00
2017 08 15 04 45;-73.979;6.628;206.6;04
2017 08 17 01 15;-73.836;7.773;201.6;01
2017 08 17 01 15;-74.407;6.056;216.4;01
2017 08 18 01 45;-73.407;7.63;194.6;01
2017 08 17 21 45;-74.264;6.915;205.2;21
2017 08 17 21 15;-73.55;7.63;207.0;21
2017 08 18 02 45;-73.693;7.916;194.3;02
2017 08 18 22 45;-74.836;5.198;187.7;22
2017 08 18 23 15;-74.407;5.77;224.7;23
2017 08 19 01 45;-74.264;6.342;201.6;01
2017 08 24 01 45;-74.121;6.915;195.9;01
2017 08 26 20 45;-73.693;7.773;202.0;20
2017 08 26 22 15;-73.979;7.344;196.9;22
2017 08 28 05 15;-73.55;7.63;199.9;05
2017 08 28 03 45;-73.693;7.058;217.8;03
2017 08 29 00 45;-74.407;6.628;195.7;00
2017 08 29 05 45;-74.121;7.63;204.7;05
2017 09 02 20 45;-74.121;6.199;221.6;20
2017 09 04 21 45;-74.407;6.628;203.3;21
2017 09 05 22 45;-74.264;6.056;193.1;22
2017 09 07 02 45;-73.836;7.63;194.8;02
2017 09 06 23 45;-73.836;7.058;197.0;23
2017 09 09 23 15;-74.121;6.915;195.9;23
2017 09 12 05 15;-73.979;6.915;208.2;05
2017 09 12 03 45;-73.979;6.772;224.7;03
2017 09 12 04 45;-74.55;5.913;222.0;04
2017 09 14 20 45;-74.407;6.628;205.8;20
2017 09 15 21 45;-74.55;6.199;195.7;21
2017 09 20 03 15;-74.836;5.77;192.1;03
2017 09 19 20 15;-73.407;7.916;202.6;20
2017 09 20 01 15;-74.264;6.915;206.7;01
2017 09 20 02 45;-73.55;7.058;218.9;02
2017 09 22 21 45;-74.407;6.628;199.3;21
2017 09 26 02 45;-74.121;7.058;192.7;02
2017 09 25 23 45;-74.121;6.056;222.2;23
2017 09 29 03 45;-74.264;7.058;206.2;03
2017 10 01 22 15;-73.836;6.915;193.2;22
2017 10 01 21 15;-74.693;5.055;196.1;21
2017 10 01 21 15;-73.979;7.058;202.2;21
2017 10 02 21 45;-73.693;7.773;194.6;21
2017 10 02 21 15;-73.55;7.916;192.5;21
2017 10 04 00 15;-74.55;5.913;190.3;00
2017 10 09 00 45;-73.979;7.63;200.5;00
2017 10 09 22 45;-73.693;7.344;196.1;22
2017 10 09 20 15;-73.979;7.201;201.8;20
2017 10 11 01 45;-74.836;5.341;189.6;01
2017 10 14 03 45;-74.407;7.058;197.4;03
2017 10 21 23 45;-74.836;5.484;186.7;23
2017 10 26 05 45;-74.121;7.058;200.6;05
2017 10 28 02 15;-73.836;6.915;196.7;02
2017 10 28 22 15;-73.836;7.344;191.0;22
2017 11 01 04 45;-73.693;7.201;204.2;04
2017 11 01 03 45;-73.693;7.201;220.4;03
2017 11 02 03 45;-73.836;7.058;208.0;03
2017 11 02 04 45;-73.836;6.485;214.1;04
2017 11 03 01 15;-73.836;7.058;208.6;01
2017 11 03 23 45;-74.264;6.056;188.8;23
2017 11 03 21 45;-74.121;6.915;204.8;21
2017 11 04 03 45;-74.121;6.915;196.7;03
2017 11 05 05 15;-74.55;6.056;212.8;05
2017 11 07 23 45;-73.979;7.058;206.8;23
2017 11 08 21 15;-73.693;6.915;199.1;21
2017 11 10 00 15;-73.836;7.058;208.2;00
2017 11 10 23 45;-74.836;5.341;202.6;23
2017 11 10 23 15;-74.693;5.484;208.2;23
2017 11 10 22 45;-74.693;5.341;220.9;22
2017 11 10 23 45;-74.264;6.628;225.5;23
2017 11 11 04 45;-74.264;6.628;216.5;04
2017 11 12 00 45;-73.407;7.201;216.0;00
2017 11 13 04 45;-74.693;6.199;192.5;04
2017 11 14 00 45;-74.693;5.627;196.1;00
2017 11 17 00 45;-73.836;6.628;197.7;00
2017 11 20 01 45;-73.836;7.058;214.6;01
2017 11 23 00 45;-74.264;7.058;216.6;00
2017 11 23 01 45;-73.264;7.63;216.9;01
2017 11 23 04 45;-73.55;7.058;219.8;04
2017 11 24 03 15;-73.55;7.63;192.0;03
2017 11 23 20 15;-74.264;6.915;212.0;20
2017 11 24 03 45;-73.55;7.773;192.7;03
2017 11 24 03 15;-73.55;7.63;192.0;03
2017 11 26 03 15;-73.693;6.772;223.2;03
2017 11 27 02 45;-74.836;5.77;195.1;02
2017 11 28 02 15;-74.264;6.199;201.8;02
2017 11 27 22 15;-73.55;7.487;207.5;22
2017 11 28 00 45;-73.979;7.487;207.3;00
2017 11 28 03 15;-73.55;7.201;215.5;03
2017 11 29 20 15;-74.407;6.915;211.8;20
2017 11 29 23 45;-74.407;5.913;195.2;23
2017 11 30 23 45;-73.264;7.63;210.6;23
2017 12 01 22 45;-73.55;7.63;198.5;22
2017 12 01 20 45;-73.264;7.63;209.1;20
2017 12 01 23 45;-74.836;5.77;210.6;23
2017 12 02 04 45;-73.55;6.915;207.7;04
2017 12 02 21 45;-74.836;5.484;217.7;21
2017 12 03 04 45;-73.55;7.201;228.8;04
2017 12 04 22 45;-74.55;6.485;200.6;22
2017 12 07 00 45;-74.693;6.056;221.7;00
2017 12 07 22 15;-74.55;5.913;192.4;22
2017 12 07 21 15;-74.693;5.913;206.3;21
2017 12 10 00 15;-73.264;7.487;209.3;00
2017 12 11 00 15;-73.693;7.201;210.9;00
2017 12 11 21 15;-74.836;5.913;207.5;21
2017 12 12 03 15;-73.407;7.773;228.9;03
2017 12 13 04 15;-73.979;6.772;224.0;04
2017 12 28 23 45;-74.836;5.484;202.5;23
2017 12 30 02 45;-74.121;6.485;207.4;02
2017 12 30 05 45;-73.979;6.915;208.9;05
2017 12 31 01 15;-73.693;7.63;221.1;01
2017 12 31 01 15;-74.264;7.058;225.2;01
